free_text,label_id
"Học đi em ơi, tí cái tuổi ranh đã đòi. Ra đời nó quật cho vài cái đói há mồm thì mới hối hận sao lúc đó không học tiếp. Lớp 8 đã đòi bỏ học đi làm thì m cũng vừa đua đòi vừa hỗn vừa ngu. Mọi người khuyên chắc cũng éo thấm vào đầu đâu nhưng mà nói cho m biết là giờ phổ cập giáo dục gần như là cả đại học rồi nhé. Một đứa chưa học hết cấp hai như m thì người ta gọi là thất học, là gánh nặng xã hội đấy.",1
Làm màu ấy. Phe Công An thì chọn làm lành với Mỹ. Nhưng phe quân đội thì chống lại ý kiến này. Thế th,0
Cần thận mà điều tra chú đắc lắc mà kiện thì phải rõ ràng mình bạch chú o là họ tạch đó,0
Con mẹ mày bánh mì là một thứ rất ngon ở thời học sinh,1
"Oh yea, chờ bee up lên tới mòn cả đít lun r",0
Trọng tài đã bắt đúng không có gì mờ ám cả.,0
"Kiểu không ai hỏi, mắc nói lắm hay gì mà nói vậy, vô duyên thì thôi nhé. Tôi ghét nhất những người ko có boundaries ntn, rất phiền",1
"Lượt về Việt Nam xé thắng 1,0",0
"Ấn Độ là một đất nước có màu da xỉn màu xấu xí, phong tục ăn bốc rất mọi rợ, thức ăn đường phố vô cùng bẩn, xác chết đem thiêu bên bờ sông Hằng rồi ném xuống sông. Thật là kinh tởm!",2
Tội con nhỏ đó ghê luôn á người đẹp bị khờ kìa,1
Bài học rút ra: cứ mở mồm khịa VN là xác định ăn một cú tát trời giáng bị nghiệp quật vào mặt:)) thà im im mà làm có khi còn đỡ quê🤗,0
Cho em hỏi là về sau điều tra ra các em này gian lận thì có hủy kết quả không ạ? Mấy nay ko nghe nói gì điều tra thêm nên ko rõ,0
Đàn bà là những niềm đau.nếu tử tế bố đứa nào dám động vào,1
con đó làm gì mà cứ để cho nó đánh v:)) nhịn giỏi vậy,1
ê chỗ mình nè,0
"Mừng Tuna trở lại, cái vibe này đúng như thời đầu , chất riêng của Tuna , mình theo từ 2020",0
"Chúng tớ thực sự thấu hiểu và chia sẻ những cảm nhận khác nhau mà các bạn đã bày tỏ liên quan đến câu chuyện này.
Vinamilk cảm ơn góp ý thẳng thắn – để đội ngũ kinh doanh tiếp tục rà soát quy trình, đào tạo nvien bài bản, nâng cao chất lượng phục vụ toàn hệ thống.
Chúng tớ đang từng bước hoàn thiện phương thức thanh toán bằng QR theo hóa đơn thực, nhằm mang lại trải nghiệm mua sắm minh bạch, thuận tiện.
Vinamilk cam kết không ngừng để tâm từng điều nhỏ để trải nghiệm mua sắm được tốt hơn.",0
"Có những hủ tục đội lốt văn hoá. Nghiện thì nói mẹ là nghiện, dân mình cứ hay tạo nét. Văn hoá văn đồ.",1
"“Chúc bé luôn hp với sự lựa chọn của bản thân”
Đm điên à??",2
Đàn bà là những niềm đau khổ,2
"đi bão là cái cớ cho đám báo đời gây rốt ttcc được thoả sức thể hiện với nguy cơ bị tóm thấp mà 🙂 bóng thì k biết có xem được trận nào k, yêu nước gì cái bọn đấy hả cm ơi, đó gọi là vô văn hoá 👎👎",1
Đợt này Pháp luật vào cuộc kiểm tra lại... Truy thu toàn bộ để giúp cho dân bị thiên tai lũ lụt,0
"Nghèo quá thì thôi đừng học. Ra học nghề kiểu sửa xe, điện lạnh, hàn xì này nọ vừa kiếm tiền nhanh vừa ko bị AI thay thế vừa ko lo thất nghiệp. Còn chuyện kết hôn sinh con đẻ cái hay giàu có thì xem vận may. Chứ thạc sĩ cũng khó xin việc bome ra, IT thất nghiệp đầy hoặc intern cả năm trời lương 6tr còn nơm nớp bị layoff vì h 1 con AI pro thay thế được 5 thằng entry. Học phí thì 1-200tr, thêm chi phí chìm ăn ở đi lại tài liệu học tập chưa ai tính đến tổng cook hết 5-600tr",0
con đồng ý với chú Tuân ở gần cuối video ạ con tiktok đã hơn nữa năm rồi và con đồng tình với quan điểm của chú con tập chung vào việc học nhiều hơn(dù đã tốt hơn trước nhưng sự thiếu hụt về kiến thức vẫn là 1cais gì đó khó nói ;-;) dù sao thì giờ con đã tốt hơn trước rất nhiều và video chú hay vl lần nào ăn con cũng bặt lên coi cho vui.,0
Chưa thấy ai kể drama mà hài như ông này. Keep up the good work bro,0
"Nhan sắc thấy tầm thường quá mày ơi, giỏi phải có tài lẻ nữa chứ, kg riêng đẹp thì vào CLB cave thiếu mẹ gì, cưới về ảnh hưởng thế hệ về sau.",1
Sao kỳ thị 9x đời giữa vậy anh!,0
"Thấy ngứa mắt ds Tiến với Long dã man, bao nhiêu kiến thức y khoa mà nghe 1 viên kẹo = 1 đĩa rau vẫn tin, vừa ngu lại còn tỏ ra nguy hiểm thách thức cả cđm",1
"Bạn làm dịch vụ cư xử vậy là đúng rồi
Không chấp chó b ạ",1
Chắc phụ huynh hs CTQ xót dữ lắm kkkk gào thét khók hết nước mắt chảy nước dãi. Ai mà nỡ làm xước cục vàng cục ngọc dòng thứ gian lận mà được thi lại. Nền GDVN bị mục nát r,1
Kinh tởm,1
thấy dân mình hiền cứ làm kiểu đấy,1
Cái miệng hại sự nghiệp,0
Vô học và vô văn hóa combo 1 chỗ,1
Nhot het chung no lai,1
"chưa bao giờ xem video hơn 1 tiếng mà nhanh như thế này, ad lượn mượt quá lượn tới nút đăng ký kênh luôn rồi.",0
"Nghe Mỹ nói về tự do, nhân quyền, tôn giáo khác gì nghe c-a v-e kể chuyện",1
"Dân ngán thôi chứ chính phủ vẫn gồng được 😂 vẫn chạy theo đổ bô cho Mỹ mạnh lắm, thằng Mỹ nó đi đánh nhau khắp nơi chả phải chịu tị nạn nhiều, mấy ông Châu âu đi theo đổ bô nhận hết 🤣",0
Sau cứ auto Từ chối luôn.nhìn rõ ra gì mà chán thế nhỉ,0
"Câu truớc "" NSC có tội tình gì "" câu sau "" trong cuộc sống ai cx có lỗi lầm, lỡ có lần này"" ?",0
"bọn quản khu việt bên myanmar hoặc scam đều là người bắc. Chỉ có họ mới đủ tính ác mà hành hạ nạn nhân, nhân từ như dân nam không làm nổi.",2
Dơ bẩn,1
nhà tui mỗi lần đặt xe tui đều đi ra ngoài hẻm lớn dù hẻm nhà tui xe vô vẫn dc nhưng sẽ khó khăn hơn cho tx.,0
"nhìn thái độ của thằng đàn bà đó kìa, xin lỗi mà nghênh thế kia thì thành khẩn đâu ra",1
"đã khá đúng lại còn chuẩn vl cãi làm sao được. Nói ngu như con chó chúng nó vào nói lại nhổng cả I lên là tđn... Bố con dẩm I, Hà Nội mưa lắm ảnh hưởng mạch ở đầu mày à",1
khổ trúng ngay mấy ông user có vk con r căng:))),0
"Người miền nam chi tiêu thoải mái kiểu tận hưởng. Còn miền bắc thì chắt chiu, tính toán hơn",1
Ê thiếu Ogenus với mẹ :))),0
"Đây rồi, cái chất giọng, cái animation 2d lật như cái bánh tráng trộn ngày nào, cái vibe hài ẻ của chú Tuân từng khuynh đảo cộng đồng yt năm xưa đây rồi

Ơ đâu cũng có người tốt kẻ xấu chứ nó liên quan gì đến vùng miền. Mạng xh càng phát triển thì vấn nạn này sẽ còn tiếp diễn lâu dài.",0
"Bả chê là phải mà, vì bánh mì chỉ dành cho những ng tốt thực sự biết thưởng thức thôi",0
rồi chút mừng e trai nè quay vô ô may mắn,0
Tôi ko thể nổi 3tr người bị bại não tạo ra một con điên ảo tưởng.chac j đã giàu sang hơn đâu mà hay ra ze wa,1
Ng ta mê cái mới hơn ok,0
Cái chủ đề dễ viral lên view lên follow nên ai cũng làm,0
Nhạc đầu video của anh như tron game grow a garden:)))),0
Khổ quá mấy bác ơi tôi book 1m6/2 người chụp 6 tiếng. Giờ bị mắng chụp có 800k mà đòi hỏi 🦭 Rồi sao nữa giá niêm yết bên anh vậy mò. Hay anh viết luôn câu trình độ anh chỉ có vậy thôi đi. Còn thái độ anh còn không bằng con 🐶,1
Cô gái tội nghiệp vì não có vấn đề,1
y đức quan trọng nên cấm thành phần học tiếp đạo đức không có thì đừng học nghành nhan dân chuẩn mực y đức,0
"Còn bà m tuổi mẹ m, gọi t là mẹ đi thằng ngu lồn",1
"nhớ mựa lấy vợ mọi Miên, Chăm để cho cái giống quái thai của tụi mày (việt kinh) hông nhiễm vô Nam Kỳ!",2
"HỌA TỪ MIỆNG MÀ RA, BỆNH CŨNG TỪ MÕM, GIỜ THÌ MÀY KHỔ THẬT LUÔN",1
gặp tooii thì mời lên trầu trời,1
con gái mà hư thân mất nết làm xấu mặt chị em phụ nữ quá,1
"đi lấy AI làm cái ảnh thờ là biết cái thứ đéo có ăn học mới làm cái trò óc chó v , kêu mấy thằng đó đưa cái mặt nó ra t làm ảnh cho bno thì trốn đi đâu luôn , đúng mấy cái thứ hèn mà ngu",1
Mấy con rẻ tiền thì phí chi nước miếng,1
Đã là yêu kh cần giới tính Ok ?,0
1 tip cho các bà nếu không call được ai thì có thể giả vờ đang voice mess bảo mua thêm xoài đi t mua nước rồi bla bla nchung là bịa ra cgi đó để cho thấy là có người đang chờ bà ở home đó,0
"những hành động và suy nghĩ của bạn này nó gọi là bản chất rồi, hết phốt này tới phốt khác cứ liên tục như vậy khó có thể thay đổi được",1
"ko có cái ngu nào bằng cái ngu này, rồi vào mắt người ta ngã ra đường mới biết đầu óc mình có bao giờ suy nghĩ trước sau đâu :)))",1
"Kẻ hung hổ hồ đồ đánh người ta theo kiểu vô côn, anh chàng này thuộc loại người vô côn hi vọng mọi người xa lánh",1
giỏi làm tình nha massage karaoke với đi khách miền tây đỉnh nhất,2
"Tao ko có nói phụ nữ tự phải bảo vệ bản thân, tao nhắc riêng mỗi con dẩm lồn như mày thôi đấy , riêng mỗi mày thôi còn đầu đậu hũ , đồ tự ái , sĩ diện dốt . Ngu như mày có giải thích đến như nào nó vẫn tỏ ra mình biết tất cả nhưng thật ra đel biết cái del gì cả , riêng mỗi mày thôi đồ phụ nữ dốt , đến lúc ngu thì lại bảo đời đồ đàn ông là lũ tồi .",2
"Này sai rõ còn gì, tai nạn giao thông và giết ng là 2 tội khác nhau",0
"Xã hội Vn có nhiều thằng bại não, chỉ chăm chăm đổ lỗi ngược lại nạn nhân, vấn đề ở đây là thằng này nó đánh con kia bao nhiêu lần thì họ chỉ quan tâm xem con kia sao ko chạy ko né :))) xã hội nát lắm",1
Nè nghe rõ nha mọi người nó nhấn mạnh nhiều lần :)) Tui hỏi đi hỏi lại nó vẫn cứ Bac K* ( t ghét t chửi Bắc ỉ ẹ ày ) hơi hỗn nhưng thông cảm bức xúc qua nó nhai riết,2
Đúng là con gái thời nay,2
Ở mẽo mấy tiệm nail tôi biết cứ thấy khách ấn đụ là đuổi trước tính sau,2
5:06 hay quá vì đã lên tiếng cho tụi em,0
"Không phân biệt vùng miền nhưng thật sự người Thanh Hoá tôi gặp đa số sống hai mặt, ngoài thì ngọt trong thì tính toán từng đồng",2
meo hieu kieu gi,0
"thầy gì dễ v,",0
Đàn bà có tính đó đến già không bỏ đươc đâu tốt nhất dừng lại,2
1:16 giọng Bee cũng ngọt moà,0
Chỉ có ủng hộ hoặc ko ủng hộ ông lớp 11 thôi chứ ai ủng hộ ông lớp 12,0
Địt con cụ m thằng ngu học óc chó,1
"cái thứ trí khôn tồi tàn nào nhìn ra đấy là ""khoe"" thế hả 😂 này m tự áp đặt nha, t cho m đi stalk lại 1 lần nữa, chỉ ra khoe mẽ ở chỗ nào, t nói r, kể thực tế vào thẳng vấn đề nó khác với loại khoe mẽ 😂 , còn giáo viên mà như m xứng đáng bị chửi nha, giáo viên cũng là con người, có this có that, ko phải ai cũng đủ hoàn hảo để ko bị chửi, điển hình như m, nết như óc nhợn trẩu trẩu lên mạng cmt bị chửi, khoe làm giáo viên khác nào tự nhục bản thân thêm ko",1
Đàn bà là những niềm đau.nếu tử tế bố đứa nào dám động vào người.đằng này thấy nó khen một chút là chảy nước miếng.ko ở đc với nhau thì chia tay.đằng này có miếng giò lại mò miếng thịt,2
5 giờ sáng vẫn bão với bủng hả mấy th đầu cứt ơi,1
Thích cách kể chuyện của ad. Mong ad nói nhanh hơn xíu thì nghe hợp tai hơn ạ️,0
Ơ......sao rui ko thấy mê gì ta:)))))Tui thẳng mà nghe xong kiểu......con này nhạt vãi:)),1
Phân tích rất hợp lý!,0
kiểu cũng rãnh cty thi dag thất nghiệp nên cũng nhàn rảnh rồi nên đi nt ép ngta vô đường cùng mới hả dạ mô phật,0
Thôi tôi cũng 1 lần là cút never come back bann ơi,1
Cong nhận Ấn Độ bẩn thật tôi sợ phát khiếp,2
"đứng xem mà cũng bảo hội đồng, đến chịu",0
Làm sao có những đứa lên tiktok nói chuyện nhảm nhí như vậy mà có những người follow tôi không hiểu suy nghĩ của giới trẻ bây giờ như thế nào,1
double standard,0
"Tôi fan bánh mì xíu mại vs bánh mì chảo, bánh mì chả vs nhất là bánh mì que",0
"cái thứ này cho nó bóc c.ứt ăn thì nó mới ko chê thôi... nghe mà thấy cay thiệt, tuy mình là ng ko thích ăn bánh mì thịt",1
"Đơn giản, nhìn đám bạn nghệ sĩ của ông chồng là biết thôi, toàn trai hư, ở ngoài với fan thì ta đây ok lắm, 1 nhóm họp lại đi rồi thấy",0
cái nhận xét ấn độ hôi là của toàn thế giới,2
tặng quà j mà nhiều vậy b,0
Nhìn mấy đứa này ăn bận mà nhớ những năm 2014-2015. Tụi nó kẹt ở đâu mới rã đông ra zạy,1
Em 50tr tổng tất toán 31 mà lương em 3-5tr à sos,0
"Như thế này thì tôi rất khinh người Bắc nói thẳng luôn là người Bắc, nếu cho là tôi phân biệt vùng miền thì tôi chịu chứ người này quá xúc phạm coi thường miền Nam, giàu nghèo là do ở con người đừng nói hay so sánh như thế thì khinh thường lắm",2
"Thích chân quang ko tốt nghiệp c3 còn thành ts luật đc mà, đủ hiểu trường luật chất lượng thế nào rồi",1
"Khỏi nói đâu xa đường hồng bàng tp HCM là nơi có rất nhiều bv tuyến đầu, tụi đi bão từ q6 lên... vẫn có một số đứa ý thức như cái đách què mà xông thẳng vào khu bv gõ nồi thổi kèn :))))) nói óc chó thì giận",1
"thêm nữa là thái độ phải tự tin và thoải mái. đi đường thì trang bị quả rbf và catwalk cho t. ngta hỏi thì bảo đi cùng nhóm, bảo đi business trip vs công ty, bảo ở nhà họ hàng, ncl cứ nói dối thẳng thắn.",0
"Với tư cách là một con người miền nam sống trong một môi trường đi ba bước gặp một người miền bắc, năm bước gặp một đàn miền trung như cháu, cháu cảm thấy mình hoàn toàn có đủ lý lẽ và bằng chứng để cho cái video này 2 like:)",2
"toàn bọn lừa đảo, tiền tập thể nó cho làm của riêng",1
"mà ổng cũng ko phải là thần tượng ấy, căn bản thì vẫn là nghệ sĩ thui",0
"Cảm ơn bác đã tạo ra một video hay như thế này. Cháu là một người con của ba miền( cháu sinh ra ở miền Nam, mẹ cháu ở miền Trung, Bố cháu ở miền Bắc) và hàng năm cháu cũng được ba mẹ dẫn về quê chơi nên cháu hiểu rất rõ những điều bác nói! :(",0
Đây mới là cá thể bắc thuần chủng chứ ko phải như mấy thằng trên threads mấy hôm nay nhét chữ vào mồm người bắc,1
"bê đê cái ám ảnh tâm lý, đĩ khùng",1
Nghỉ viêic và đến đó ăn như khách cho họ ohujc vụ m,0
"Nguyễn Sỹ Cương tông chết người không bị khởi tố là tin giả, tin sai sự thật do phản động lan truyền",0
Bá dơ + học ngu + bỏ học + thất nghiệp + ktv tương lai,1
Có cả gốc hoa và gốc cam à admin,0
nghe quen thế nhở,0
Vì vậy mà đến giờ tôi vẫn thấy sợ con gái thật sự để mà nói thì tôi mất niềm tin luôn rồi,1
t thấy từ nay nên nghĩ gửi đại diện thi MW luôn đi này có thi 100 năm nữa cũng ko có win đc đâu,0
"Vậy mày chưa biết rồi. Người k biết chữ họ nhờ người khác viết. Cô mày non vkl, thua cả thằng học cấp 3 như tao",1
Chủ quyền Việt Nam! Bị đe doạ nhưng báo chí trong nước ko hề đưa tin. Ko những vậy họ còn xoá hết những bài viết nói về việc TQ xâm lược xâm chiếm xây dựng căn cứ qs ở HS- TS chỉ cách Đà Nẵng 400Km.,0
Phải nhường nhịn trên chính đất nước của mình thì là thất bại rồi,0
"dần dần thì có lẽ mọi người sẽ sợ cái đẹp của đàn bà hơn là thèm khát (một cách bản năng), vì chúng nó dần bị úng não và gây ra quá nhiều hệ lụy",2
Yêu nước nhưng không thể để con mình sống với bọn mọi rợ,2
"Ở nước mình, phải nói là vin khôn thứ 2 k ai dám dành thứ nhất. Nếu Vin mà vỡ nợ, dân ba cọc ba đồng gánh. Nếu Vin có lãi thì Vin bỏ túi Vin :)))))",0
"Ông chưa biết này đào không chỉ 1 lần mà cái bài từ năm ngoái lại đào lên đăng để câu tương tác, thế mà bọn fan não tàn đó còn bảo là không nhắc lại để vụ này trôi",1
Mong bệnh chú tái phát thêm để đc xem video phong cách xưa,2
"Sống đủ lâu để thấy quốc hồn, quốc túy bị chính dân mình sĩ nhục và lăng mạ
Thật là chán nản",0
4:02 ngửi phê mà chú,0
Cố ý chứ ko tự vệ,0
ông thì biết cái j,0
Khi 1 khúc thịt cương cứng xen giữa những thớ thị mềm mại trong 1 căn phòng sang trọng cùng với lời hứa về 1 tương lai tốt đẹp thì những ngày tháng vật vã trong căn được gọi là nhà 7 hay 8 năm chả là gì,1
Dân Ấn Độ sống như thời nguyên thủy vậy,2
"cá nhân nhất là tao ghét sự õng ẹo của tụi gay, gớm chết đĩ mẹ. Õng ẹo, không phải nữ tính. Cái thứ 2 là sự dơ dáy về tính dục, dục vọng của tụi nó.",2
Thầy như này dạy dỗ gì được,0
Vụ này vụ khác mà :))),0
Việt Nam thắng 2-1,0
Roi nó bị phạt tiền ngu chưa,1
Cảm ơn b nha sau Aeon mall hx xây xong đừng tới nha chật lắm,0
Tháng 7 mà bạn..làm công quả thôi..Hoan hỷ,0
"Nguyên tắc công sở ko bao giờ:
- joke về ngoại hình, quần áo của đồng nghiệp (kể cả là khen)
- sếch joke
- chạm vào cơ thể đồng nghiệp nữ",0
chịu,0
"Thương bạn Khải, cùng team của bạn đi xây, đi sửa trường vùng sâu vùng xa. Cô giáo như tụi mình cám ơn còn không hết. Vậy mà lại bị mang tiếng oan. Nếu không có bạn cùng các cộng sự thì bon của trường mình không được như ngày hôm nay.",0
cuối cùng cũng có người theo suy nghĩ của tôi,0
"Công nhận =))) sáng 5h đi qua hầm thấy đông đông tưởng có tai nạn hoá ra mấy con zời vẫn bão, lẫn tan. Nói thật chứ chỉ có đầu đất mới bão giờ í thôi. Vui vẻ 1 2 tiếng rồi té về là đẹp, đây 5h sáng vẫn nhồng lên gầm rú ầm ầm trông ngu thật",1
"Ừ =))) tôi không quan tâm ước mơ ULIS của em, nhưng em thi GDCD cao điểm nhất mà em hành xử côn đồ đến vậy với chính người thân
Tuyệt lắm em",1
Dcm t thấy hnoi khổ vl đấy cno cứ mở mồm ra là kêu hnoi hết cái này đến cái kia xng nhm lại bám lấy hnoi mãi đ chịu buông... dcm đúng là cái lũ yêu của nghét người,1
"tối hôm qua có việc về muộn, biết là có bão nên mình phải chọn cái đường vắng tanh vắng ngắt để đi rồi, đến đoạn ngã tư dừng đèn đỏ, có 2 thằng loi choi c2 cầm cờ hú còi phóng qua, k đội mũ rồi vượt đèn đỏ xong tạt đầu xe làm mình tý nữa ngã kềnh ra đấy, vui thì vui chứ gặp mấy thành phần nthe bực",1
Con này cho ăn chứt với lá xoan thôi,1
"Hoá ra là nuôi giặc trong nhà rồi
Giờ t bị leak cái gì ra ngoài thì ae tự hiểu là do thằng tuất nào làm rồi nhé. Nó còn có cả 1 bầy wibu hỗ trợ t cũng được các bạn khác chỉ điểm cho rồi
Sáng nay bố t phải lén lút lên phòng nó mới lấy được chiếc điện thoại đó nhân lúc nó ngủ =)) con chó này thế mà khôn, nghĩ ăn cắp điện thoại rồi rình xem t sơ hở gì. Đấy, đòi giết xong lại đánh đòn tâm lý cố muốn giết tiếp đấy
Có dám cúi đầu như này xin lỗi t không ?. Ép t rút đơn tha à? Có cl",1
"Nom thế thôi toan tính phết đấy ạ. Mấy bài công kích quá khứ dù t đã đính chính rồi hoá ra thằng tuất này với team vẫn cố gắng chèo lái =)))
Tự quả quý bửu nộp học bạ tại trường CĐ cũ ( cái trường thiếu chỉ tiêu nộp auto đỗ ) để né nvqs, tiện được thả xổng ra đi ở riêng.
Còn 1 nguồn chưa chính xác lắm thì tình yêu vẫn xanh mượt thôi, mình KHÔNG LIÊN LẠC HAY DÍNH LÍU gì tới chuyện con coser đó hay bbe coser nhé, mấy ẻm cứ điệp viên nằm vùng thôi
Còn yêu th này, dính th này, nồi nào vung đấy",1
"Thích nhất có em Tình..
Thả tặng các bạn diễn viên nha.",0
hay mà nhìn thấy nó la nhìn thấy nghét,1
là Minh Nhựt,0
Bà ơi yên tâm để tui combat vs bà thiệt là mấy đợt tai nạn chết ngừi này kia tui đã ko mún đi nx r toàn ở nhà ngủ mà s cái bọn này lớn hết mẹ r ko bk cái ý thức vứt ở đâu nx :))) bảo dân trí thấp thì nhảy dựng lên :))) r bào chữa cho mình là VN vô địch thì tụi t đi ăn thâu việc m à r cái j vì nước qên thân :))) má hk hiểu lun :))),1
"Khốn nạn, chỉ có bỏ cho nó đi luôn làm mèo mắt gà đồng.",1
Nhìn đã hãm rồi.Cứ tưởng mình là gì chứ,1
Xem xong 2 nước Ấn độ và Bangladesh thấy khiếp vía luôn!,2
xe tăng vlog,0
chưa biet,1
Chắc kiếp trước nghèo tới nỗi ko có tiền mua bánh mì bữa sáng hằng ngày của mỗi người không thể nào bỏ qua vụ nhỏ này đc,0
Óc chó cứ thích lên mạng làm anh hùng,1
"Mấy thằng Nam Kỳ nửa mùa thôi mà
Sinh ra trên mảnh đất Nam Kỳ nhưng không có được cái hào sảng của Nam Kỳ.",1
người ta luôn đẩy người đang sống vào đường chết đó lại khuyên can người sắp chết dũng cảm sống tiếp,0
"Con này nhà nó giàu,nó nổi tiếng nên nó khinh người",1
"xong rồi e xl e lỡ dại,",0
Pó tay,0
tôi thấy Trọng tài trận này rất công tâm,0
"mới dềnh thôi mà cậu, qua cổ mới là ngập nhé",0
gặp tao chất nghỉ dạy,0
"Điên vl, xem đá banh chưa đã hay sao mà nửa đêm còn hét lên, đạp thụm thụp vào tường phòng người ta vậy mấy con điên? Đang ở trong bệnh viện đấy, hay chúng mày qua khám luôn não đi chứ người thường đéo thể ngu vậy được. Cả tầng hơn 50 người bệnh cần nghỉ ngơi, éo hiểu ý thức để đâu?! Má, phòng t có 2 cụ bà trên 80 đang ngủ thì bị mấy đứa mất não làm thức luôn :))) Nhắm khỏe quá về nhà đi, phiền vl, giờ phòng 3 người bệnh mất ngủ 🙃",1
"thằng trẻ con còn khinh cho vì già đầu rồi mà tư duy hạn hẹp, văn hoá thì thấp, mở mồm ra là thấy đạo đức và văn hoá k có, ăn nói chả khác gì phường chợ búa mọi rợ",1
"Đi học trường tiếng với mấy b nepal, ăn carri nhiều nên tuyến mồ hôi vừa mùi vừa vàng vàng, con trai thì cả tháng mới gội đầu, con gái thì để lông nách rậm rạp",2
"đúng vs câu cuộc sông ko khó , chỉ con người lm khó nhau thôi",0
"Mấy thằng nguyên thủ Canada còn mê mấy thằng mọi trung đông là đằng khác, tại trùm chuốc thuốc bắt cóc người với bày đủ trò bạo hành phụ nữ. Người Việt thì thấy bị truy tố tội hd chứ mấy thằng mọi Trung đông tuyệt nhiên k thấy thằng nào, cùng lắm lên báo tội thôi miên ăn cướp trang sức thôi",2
"Ủng hộ nha ,ai mượn dồn vào đường cùng",0
đừng có ra vẻ thanh cao. m gặp ng thanh hóa ở cùng ng thanh hóa chưa,2
Em cực kì cực kì mê bánh mì luôn ngon lun á,0
ý là có trả nhưng thiếu 6 nghìn đồng chứ ko phải quỵt đúng ko ?,0
"Vừa đọc trên mạng 1 bài nói về tôn giáo, ở VN thì ít người theo thiên chúa giáo và không có tôn giáo chính thức, nhưng các nước đề cao tôn giáo thì họ thấy người vô thần như sinh vật lạ hay sao ấy
Kiểu không có tôn giáo thì họ không biết làm sao người khác sống có đạo đức ý?",0
"Kênh này nói cho quá , chủ yếu câu like thôi . Có gì to tát đâu mà Dra ma với Dra quỷ . Jun Phạm vẫn giỏi và đỉnh nhen , không thấy chương trình nào cũng có mời cậu ta sao . Cứ đợi xem hết chương trình đi thì sẽ biết ai nổi trội thôi .",0
Nên yêu cầu thanh toán trước. Giống như đi bus phải quẹt thẻ vậy,0
"""Đi lên từ nhờ vào cách ăn nói,đi xuống cũng vì cách ăn nói""",0
Wa chuẩn trong tài,0
mấy lần t đi ăn một mình bị hỏi t đều bảo bị cắm sừng :)) tại mặt t trông cx lạnh lạnh sẵn + hay dùng đt nên ngta nghĩ t bực và để yên,0
"4 chân tốt, 2 chân xấu:)
Giờ tốt hay xấu nhìn nhãn là biết ngay",0
"Cảm ơn Khánh Ngọc đã chia sẻ bài viết hay, giúp cho cánh đàn ông thấy rõ cái sai lầm của người phụ nữ lăng nhăng, khi phụ nữ thường lên mạng facebook nhiều giờ mỗi ngày, và kết bạn với nhiều đàn ông lạ, chắc hẳn là có vấn đề rồi",2
"Nói thật đợt 5000 người Ấn qua du lịch, họ không thích tiếp khách ấn vì họ hôi bẩn, lúc họ đi phải vệ sinh cái phòng họ ở nó ám vào phòng mất thời gian không đón được khách khác.",2
"Thà ăn bình thường chê cũng được, nhưng ăn mà nhổ thì quá vô duyên và tiếc đồ ăn",1
"Tui cũng nghĩ vậy, bớt dc nhiu thì bớt",0
quan trọng là kiếm có ra cái gì k á,0
"Các bạn đối vs những hành động và phát ngôn chưa hợp lí của chị cũng ko nên tạo làn sóng tẩy chay dữ dội như vậy, cj ấy còn trẻ và còn nhiều bài học",0
"Reup lại phốt BLGĐ của nhà kia cho yêu nào chưa kịp hóng nha, đang đi xoá cmt tẩy trắng r kìa :)))))))",0
buồn cười là genz về cơ bản lấy trung bình thì mới có 7 năm là phù hợp bước vào lứa tuổi lao động và còn 3 năm chưa đủ 18 tuổi mà suốt ngày cái gì cũng đổ tại genz,0
"Fetish nó dựa vào dục vọng, tham muốn chứ ko liên quan gì tới thích đua xe, đánh lộn. Bằng chứng là nhiều gay 6 múi, hung hãn ngoài kia. Anh bạn cẩn thận nhé, chỉ cần một mồi lữa đúng lúc thì cái phần nam của anh bạn nổ tung mà bay đi mất đấy.",2
miền Nam ko có xe hơi nhiều nhưng có rất nhiều quán ăn không đồng để giúp đỡ cho người nghèo khó khăn,0
Đồ não heo không cứu nổi luôn,1
"Nếu bọn nó im ỉm mà sống như người bt thì k ai ghét bọn nó đâu, chỉ là bọn nó lên media cào loz đòi quyền thượng đẳng, tuyên truyền + lôi kéo đám con nít ấy nên người ta mới ghét",2
Non sông dễ đổi bản tính khó dời. Bây giờ có ít tiền mới lộ bản chất,0
Đến dân Ấn còn chịu không nổi bọn Ấn mà. Cái tôn giáo khốn nạn tàn nhẫn đã ăn vào máu huyết dân tộc này!,2
177 tỷ! Kinh quá,0
Đm lũ mọi rợ,2
"Mẹ nó chứ, cả cái sân vận động này toàn là phụ nữ và tất cả đều đang mơ được hẹn hò với cô ấy đó. please stop!",1
Cái miệng hại cái thân :)),0
Video tưởng đưa tin nhưng mà là ăn tiền pr cái show này.,0
"Chồng cũ của t, từ lúc cưới về đến khi ly hôn, t ko bao giờ cầm đc tiền của ổng vì tiền ổng làm ko đủ ổng tiêu. Rồi đay nghiến t. Ổng nghĩ t ko dám ly hôn vì t là người Công giáo. Cho đến một ngày t quyết định ly hôn vì ổng ngoại tình",0
ai chứ th mọi đen dembele cũng xứng đáng bị pbct lắm :)),2
"Cơ bản mụ này đ có tiền :)) tài 9 phụ thuộc thằng chồng, cũng có 2 con chung với thằng đó, vừa cơ dưới vừa phụ thuộc nên con gái riêng bị vậy cũng đ thể ầm ầm lên được nên phải chấp nhận động viên con :)) chung quy là cũng tội , giờ mà ly hôn thì phải tự mình gánh kinh tế nuôi 3 con , mà chưa chắc đã dành được quyền nuôi hết, nói chung cân nhắc thiệt hơn thì ko thể làm gì được, dù biết hành động đó lệch đạo đức nhưng ko thể bảo vệ con gái tới cùng",1
"Nếu là mình thì thấy mưa gió mà người ta mở miệng ra xin đàng hoàng thì mình cũng cho thôi, mà nếu ko cho thì thôi cũng đâu đáng tố lên cho họ mất việc, đằng sau họ cũng có 1 gia đình mà.
Thấy nhiều khách cũng chán thật, trước đây thấy mấy vụ shipper tự ý làm tròn tiền, khách chửi ""xin thì tao cho chứ tự ý vậy ko dc"", nay shipper xin thì khách ko cho và còn tố cho mất việc luôn bởi vậy đối với mình thì khách nào mà kì kèo vài đồng bạc lẻ với shipper thì hiểu tính như nào rồi khỏi cần giải thích",0
ủa j lgbt mà ai kì thị má lgbt nó còn cute vcl ra,1
"Ý là sao mọi người chưa gì đã vội lấy hết trường hợp này đến trường hợp khác ra để so sánh rồi chỉ trích bọn nhỏ thế nhỉ? “Xã hội vận hành như vậy” không có nghĩa là mình phải mặc nhiên chấp nhận nó như một điều đúng đắn.
Đúng là còn trẻ, còn sức khỏe thì có thể cố gắng hơn, nhưng vốn dĩ mỗi người có hoàn cảnh, khả năng và giới hạn khác nhau. Đừng lấy người này làm thước đo cho người khác.",0
Giờ tôi có thể tự tin tuyên bố trước mặt đám bạn rằng mình là dân đen đáy xã hội,1
"Để link đây, mong bạn hiểu.",0
"Giàu có hơn ai ,mà chảnh thế con này hết thuốc",1
"Anh nói hay và đúng quá. Tôi thấy đa số những người miền Nam là những người xuất phát từ miền Bắc đi khai phá, đi phu, đi lập nghiệp lâu đời (biết đâu trong đó có tổ tiền, ông bà của cậu Khuê gì đó ...).",0
"Mình có một thắc mắc là tại sao người Bắc (cụ thể là người Hà Nội) cực kỳ yêu quý người Nam.
Nhưng bằng một cách truyền thông bẩn thần kỳ nào mà người Nam họ lại nghĩ ra Hà Nội toàn bị phân biệt vùng miền nhỉ?
Ủa ủa ủa
Yêu quý thân thiện còn chưa hết phân biệt gì vậy?",1
Trong văn của m kêu người khác bằng chú là cũng giọng bề trên y như mấy thằng bắc kỳ có tý học thức nhưng vẫn đang ở đáy xã hội.,2
uống trà chưa em trai,0
"Thế nên phải cứng rắn vs việc trinh tiết. Bị 1 thằng địt hay 100 thằng địt nó đều như nhau. M buông bỏ đc thì thôi, còn ko thì địt chán rồi bỏ",2
Trong 1 video của bà Thái này lúc ăn mừng ghi bàn nhờ chơi dơ thì chính ng nước họ cũng thấy nhục vì thắng nhờ ăn gian. Vậy mới thấy người Việt tự lực tự cường nên cũng tự hào bao nhiêu,0
"Mấy thằng điên thì đầu ko mũ,1 tay cờ 1 tay lái,chân thì thi thoảng đè cái chân chống chính xuống đường để tạo loé sáng,phóng thì như mấy con chó điên thử hỏi chúng nó yêu nước đi bão ở cái gì hay là kiếm cỡ để đua xe lạng lách thể hiện nẹt pô gây sự chú ý,còn mấy con dẩm thì cũng thế,bóng đá thì chắc cả giải đéo xem được mấy trận,có khi còn xem mỗi trận lượt về ra đường có khi hỏi cả trận như nào chắc còn đéo nhớ,make up thì phải đậm đậm tí,tóc tai phải ko cần đội mũ để cho nó bay phấp phới tí",2
Thằng này nó biết gì đâu người Bắc mình một trăm năm sau cũng không thể theo đuổi được văn minh của người miền được tại sao tất cả những người nổi tiếng ở đất Bắc này người ta đều Nam tiến để xây dựng sự nghiệp,2
tôi làm nghề nhôm kính 3 lần bị quỵt tiền đều là bọn thanh hóa,2
Vào tù cũng ko phải tội đáng trách,0
Cheap performance from trang phap,0
Cái đáng ghét nhất là họ tự coi mình là thượng đẳng hơn dân trong Nam và luôn tự cho mình đúng ... Đáng khinh!,2
"Bảo sao Nhà nước mình không cho ai theo Chúa làm mấy ngành nghề liên quan đến quân đội, công an. Ngẫm lại thấy đúng thật sự. Cảm thấy may mắn khi nhà mình vô thần, thờ ông bà tổ tiên. Đạo Phật từ bi hỷ xả biết bao qua tới cái đạo này chỉ biết lắc đầu. Tự do tín ngưỡng tôn giáo đối với cái đạo này chỉ là chữ trên giấy thôi",2
ủa má này vừa đọc phốt máy ảnh gì mà,0
Nam Bắc ko bao giờ hòa hợp được. Chúng ta chỉ cố gắng bớt phần nào thôi. Tôi ở miền bắc và rất tiếc phải nói như thế,1
Sáng nào tui cũng ăn luôn á,0
Bố thg dân điêu! Vợ m ngủ vs hàng xóm cũng tại quan chức,0
"tụi nó bảo nhau rồi, cứ qua đây xin là được",0
"Ôi, văn của mấy ông á bn. Đợt trc mk đặt xe, 2 ông bấm nhận xong lấy lí do nào giam xe nào là tắc đường, kêu hủy dùm. Bơ tin nhắn ổng thôi, nếu bị nhắn làm phiền thì block là xong",0
Sau này cứ lấy tiền trước rồi mới xuất phát,0
Lêu lêu sài AI bản miễn phí còn nguyên chú thích bên dưới loè ba thằng dân trí thấp bị nta vạch trần ko biết nhục,1
Bẩn thỉu nó là đặc sản của Ấn Độ rồi,2
"Cái phần tiểu sử của bạn để là sống tử tế dùm tao , thế xin hỏi bạn , bạn đã sống tử tế chưa ạ cái việc bạn đi chọc sky , cũng không giúp bạn tử tế lên được chút nào đâu , ngược lại người ta thấy buồn cười người ta thấy bạn đang bú fame , bài viết thì flop ẻ , rồi suốt ngày sơn Tùng như này như kia để được lên xu hướng , theo mình thấy thì cái mỏ của bạn như lồn vậy =]] thân ái !",1
Ở VN chuyện này là quá bình thường cũng như thằng Ngáo gặp con Ka Ve,1
Ôi đàn bà Việt nam có những loại như vậy,2
"Hôm nay thấy nhà nhà rộ lên xem live cô Hằng, xong vừa nãy mình thấy bên Phật Giáo Việt Nam đăng bài viết như thế này…
Thật sự là đúng đấy mọi người ạ, hãy cẩn trọng với lời nói của mình, đừng vì những thông tin thiếu căn cứ, tin đồn nhảm mà lên công kích người khác, ko hay đâu",0
Quốc vo nói đúng không có bằng chứng sát thuật de bị người ta thua là boi nho suất phạm,0
"Sân Mỹ đình VN phải đá với vị thế chưa từng thắng 2-0, hết sức thận trọng vì TL không còn gì để mất, gương Singapore đá BK lượt về với TL,",1
"Trời ơi ngta lịch sự với thẳng thắn vậy rồi, bạn OVTK quá! Chưa vợ thì liên quan gì? Thấy bạn hơi thiển cận á.",1
"Còn cái drama với chị Miu nữa á, hay vô cùng",0
"tau lạy luôn á , đúng là lòng người",0
cái trào lưu woke LGBT chế ra hàng tỉ cái pronoun xong lấy xu hướng tính dục ra ngụy biện thì nó là mối mọt của văn minh nhân loại. Tốt nhất ko nên theo.,2
"tôi từng làm phục vụ cho nhà hàng, bọn khách ấn nó đến ăn còn mặc cả, ăn uống thì bẩn thỉu mất vệ sinh, xong thường xuyên bị trộm cắp vặt đồ của nhà hàng từ khách ấn độ, văn hoá ấn độ nó làm cho con người ta ô uế sẵn rồi",2
"Đầu vào ngành sư phạm quá dễ nên khó chọn ra các gv vừa giỏi vừa có đạo đức. Từ ngày mấy bạn học dốt lớp tôi thi đậu sp và ra làm gv, tôi chọn tự dạy con ở nhà",1
"Thật ấy đéo có nhu cầu muốn biết, chết ở đâu kệ m, đi nhờ ko cảm ơn đi còn khoe nữa",1
"Bị cưỡng hiếp bởi 1 đối tượng trên đời chưa có ca nào hay mẹ gì phải 2 3 mới thành án cưỡng hiếp.
Quan hệ không có sự chấp nhận của đối phương thì nhét cái của nợ thịt dư của m vào đâu và vào ai cũng là cưỡng hiếp.
Đm người hay con cu di động mà nghĩ cái kiểu đấy",1
"Thật, nhiều lúc chỉ muốn vả vào mồm cno rồi bảo cút m* về quê m mà sống. HN có xấu thế nào nữa t vẫn yêu vì là quê hương t",2
"Người ấn có rau mùi không, mấy ông này tuy xịt nước hoa nhưng vẫn thoang thoảng có mùi khen khét, mùi gia vị nó cháy cháy",2
"Khi nói đến giàu không chỉ nói đến tiền, quan trọng cái thần thái lắm, nhìn mặt anh ấy sang chảnh thật, sang thật, ôi gương mặt người Bắc sang quá sang",0
"BK gia trưởng lắm, 10 năm k có con chung thì toang là chắc chắn.",0
"Đề nghị BCA vào cuộc điều tra sao kê ,thu lại tiền cho những người nghèo vạch mặt bọn ca nghệ sĩ ăn chặn tiền mồ hôi nước mắt của dân.Chúng nó phải sao kê ra,vụ này đã chìm vì bọn nó ăn đút lót ,bây giờ phải lôi bọn này ra trước pháp luật kể cả bọn ăn đút lót nói bọn này ko ăn chặn lẫn bon kêu gọi từ thiện ,với số tiền quá khủng luôn,cảm ơn em QV chúc kênh em phát triển nhé",1
"Thiệt sự đi làm từ sáng tới 11h mới đc về cảm giác nó mệt mà còi in ỏi bên tai , kẹt xe , tiếng hò hét nó kinh khủng vl luôn ấy. Đi bão thì hăng hái vậy á chứ kêu đi nghĩa vụ là trốn nha. Toàn báo thủ đú đởn thôi",1
"Viral lên cho t, cái lon j cx chê hnoi nhm lại bám lấy hnoi mãi ko chịu buông xong lại giở cái bài vì hnoi có csvc tốt nên mới bám lấy lên hnoi thôi cx ko báu bở j, dcm cái loại yêu của nghét ng",1
dẹp mà má,0
"Cái bọn dân 36,37,38 dởml*, đồ vùng sâu vùng xa tạm bợ",2
Đề nghị đại sứ quán Việt Nam ở Ấn Độ liên hệ với chính quyền Ấn Độ có biện pháp chế tài xử phạt những công thế này. Chứ để vậy thì danh dự quốc gia trên trường quốc tế còn gì?!,0
Giờ giới trẻ toàn có ido là bọn thần kinh.,1
"Mở tiktok thấy mấy em k6 k7 lắc đích múa quạt cũng nhiều, nghe đâu có hội chăn rau Hutech nữa nè, giờ đĩ điếm ngày càng trẻ hóa.",1
"đù mớ :))) bọn này khốn nạn vãi. Này nhé, đàn ông sức lực trung bình thôi, nắm 2 chân phụ nữ rồi kéo lê đi là cái người nữ đó hết chống cự nỗi rồi. Nói gì tới chuyện ép, gò nén người ta tới trật hông bể xương đâu? Những lúc cơ thể hiểu rằng có cơn đau tiềm năng như thế, người phụ nữ họ sợ hãi liên tục mà cũng không giãy lại được một cái ghì tay của đàn ông. Và khốn nạn là gì biết không, đó là lũ này biết tất cả những điều đấy khi đối xử với vợ và người yêu của chúng, và lên mạng nói như thế đấy",2
"Tui cũng ghê sợ tụi Ấn Độ kinh khủng, tụi nó mà đi chợ, chúng lục xáo tung rau củ quả, nhìn mà thấy đau lòng cho mấy món hàng bị chúng nó làm dập nát. Hách dịch thì khỏi chê.",2
"Nói thật mấy anh em Ấn với Nepal mùi nách kinh khủng thật, có lần mình cũng tý nôn thật",2
giờ ít thì ko nói. nhưng nếu nhiều người tình hình sẽ rất bất ổn. vì đa số người châu phi nóng tính. và rất nhiều vấn đề phát sinh nữa,2
Địt mọe bê đê bóng chó.,2
"chuẩn mồm thì chê HN mà chân cứ lê lên HN cho bằng được ,về hết quê đi cho HN đỡ chật",1
Ước gì đứa này đi tù nhỉ. Mỗi ngày cho gặp bánh mì với cơm để hộp giấy nữa cho sướng mồm,1
"để làm cái lồn gì trong đấy. 99% là bọn đầu trâu mặt ngựa, cầm một đống băng rôn, bảng biểu ghi toàn những thứ vô nghĩa, tưởng mình hài hước nhưng thật ra là dân trí thấp vãi l. Tao đéo hiểu, chúng m hét từ 10h tối đến 2h sáng thì nó còn gọi là ăn mừng vì đội tuyển thắng không? Lúc vừa mới xong trận ok mọi người có thể ra đường để hoà chung niềm vui. 1 tiếng, 2 tiếng. Cùng lắm là 1h. Tao đéo hiểu 2h sáng vẫn đang tụ nhau ở ngoài đấy thì có cái đéo gì vui và ăn mừng hay yêu nước luôn ý ??!!",2
báo làm bố kiểu :)),0
"i mean… he's a trai bắc thế hệ cũ và tất nhiên nó đi kèm một mindset cổ hủ nào đó mà nếu không đào lên thì chắc ít ai để ý :)) kinh nghiệm của tôi là đừng thần tượng hoá thần tượng quá, hi vọng nhiều thì thất vọng cũng nhiều.",0
"t dân trí chắc chắn hơn cái tụi tạo ra tiền đề cho tụi báo thủ được dịp quậy phá lạng lách tụ tập, mày có tgian lướt thr thì m nên tìm thông tin hôm qua giờ bao nhiêu vụ bị tụi đi bão gây ra từ tngt tới chặn đường xe cứu thương, va quẹt,...? tao dân trí thấp mà t còn biết điều hơn tụi tự hào yêu nước xong đi tới 2 3h sáng phá làng phá sớm đéo cho ai ngủ nghê hay làm việc? :)))))) đừng tìm thêm lí do để hợp thức hoá cái chuyện đi bão xàm l của tụi mày",1
"Ui có cả tây lun ạ, dạ mk chỉ nói những live nhảy phản cảm th á chứ k có ý nói live nhảy nhẹ nhàng ạ",0
tính tội gì vậy ad,0
Từ chức là dại rồi...chỉ cần xin lỗi Nhân dân và hứa sẽ rút kinh nghiệm sâu sắc là được mà.,0
"Tôi người miền Nam đây, nói cách dễ hiểu người miền Nam sống giản dị và bình dân lắm mà dẩu có giàu cũng không thích phô trương đâu, nếu bạn về miền Tây Nam Bộ mà xem dân ở đây không có tiền để mua Ô tô để đi đâu.. vì miền Nam sông ngòi là chủ yếu nên người dân chọn ""xà lan"" làm phương tiện đi lại không à, nên các bạn đừng có so sánh",0
Con nhỏ hiền lương xem thì cay đỏ dứ,0
"Mệt mấy me anti rồi cả mấy con anti hù nữa , nhột với tự ái",1
Đã gọi là chông gai thì hãy cố lên vượt qua,0
Trưởng giả học làm sang,1
"Không phải tui phân biệt vùng miền hay là gì đâu..
mà có câu hỏi này tui thắc mắc lâu lắm rồi nên tui hỏi đại ở threads luôn í
- trai Bắc không lấy vợ gái Nam ( k biết tiết kiệm, k chung thuỷ )
- gái Nam không lấy chồng Bắc ( keo kiệt, gia trưởng )
- trai gái miền Trung thích lấy người của họ ( đồng hương, cùng quê, cùng miền Trung )
Ủa là có thật vậy như lời đồn không mn ? là từ thời xưa đã như vậy rồi hay như nào ?",1
"Ui trời, hồi tui ôn thi đại học, học thêm vào 8h sáng và 4h chiều chủ nhật k đi lễ đc mà bố tui chửi lên bờ xuống ruộng. Chửi nặng nề lắm, kêu tui con cái ma quỷ, bỏ Chúa thì cũng chẳng đậu đại học đc đâu
Bắt nghỉ học thêm để đi lễ. Tui lén bỏ về giữa lễ để đi học.
Sau tui đậu YDS, xuống Sg học tui bỏ đạo luôn.",0
"Thằng tài xế kìa anh em, nó đánh phụ nữ rất hùng hổ, tự nhiên nói xin lỗi còn gì là thằng đàn ông hùng hổ?",1
"chả có gì là chấn động hết ko có một chương trình nào hay bộ phim nào mới ra mà ko có khen chê ,nghề giải trí là nghề làm dâu thiên hạ mà nên chuyện đó là bình thường tên chương trình là vượt chông gai nên phải có chông gai thôi",0
Nếu là vợ tao là khỏi xin lỗi tiễn mầy luôn,1
"đúng văn của mấy con mất trinh tự an ủi bản thân, phò mãi là phò thôi cố làm đéo gì cứu được cái nhân cách rẻ rách đầy nhục dục bẩn thỉu. mày tự hào mất trinh sớm có dám khoe bố mẹ mày con mất trinh rồi không",2
Kỉ niệm của mình với người thanh hoá rất tệ. Bị ức hiếp bị doạ nạt và đến giờ gặp người thanh hoá thì mình luôn phải dè chừng,2
"Trước đây khoảng 20 năm khi về nước qua sân bay ở LA, tôi thấy mùi hôi thúi quanh quẩn... rồi phát giác 2 tên người Ấn đang đi trước tôi tỏa ra mùi hôi thúi. Tôi liền chạy ra phía khác ngay lập tức! Thật tởm!!!",2
"Không phân biệt vùng miền, nhưng mình tiếp xúc và làm cùng mấy người Thanh Hoá và phải nói là bẩn tính thật, trước mặt thì rất tử tế nhưng sau lưng nó đâm mình hơn kẻ thù",2
Vậy sao tui bay vào đây nhiều thế,0
Chuẩn bị tiếp đón 1 ca bệnh đồng tính mới.,2
Mở lịch sử ra chắc toàn cái j ko,0
phò. gái tử tế nó biết giá trị của mình và đ làm chuyện như thế,1
"Mấy thằng đi bão là mấy thằng ngu jobless
I said what I said.",1
"Nhìn nó ăn rồi nhổ bỏ, sao nó ăn mà khổ vậy. Rồi sắp nghèo tới nỗi không mua nổi cái bánh mì mà ăn đâu",1
gặp t là hk yếu kèm theo mời phụ huynh hết,0
"Các bạn Tin Lành cho mình hỏi, tại sao bạn theo Tin Lành nhưng không phải theo Công Giáo?",0
Ăn bốc không bẩn nhưng thức ăn thì cực bẩn,1
"mấy con nữ quyền thật t gặp đều đòi xơi t, dù thời điểm đó ta chỉ có trên lưỡi dưới dái. Bí kíp gặp đào mỏ là bóp dú rồi chạy. Bí kíp gặp nữ quyền là ủng hộ tụi nó rồi rủ đi thực hành nữ quyền.",1
miền bắc,0
Đm cái loại đàn ông ra xh đéo bắt nạt đc ai đây mà. Xôi máu thật,1
"Mùi mấy khứa ấn độ như trái hạt điều chín thúi lên giòi mà mùi x3 lên. Không chỉ Ấn mà Bangladesh, Nepal cũng sêm sêm nhau",2
Cay cái đoạn bả khịa ae gym,0
trông như bọn ktv tỏ cute nhìn ngứa tay vcl,1
Đã Ngoại tình còn mất dạy,1
"MẤY CÁI THỨ LỢI DỤNG ĐI GIÀNH VỢ CƯỚP CHỒNG NGƯỜI TA SỜ SỜ ĐÓ . TRAI GÁI ĐÀO ĐĨ , NÓI XẤU TÙM LUM MÀ CÓ TƯ CÁCH GÌ ĐI LÊN ÁN PHÁN XÉT NGƯỜI KHÁC ???",1
"xét gì riêng nghệ sỹ đến đời sống xã hội bg thì tình yêu hay vợ chồng cũng chia tay rồi ly hôn như cơm bữa nói chi trong môi trường này có nhiều cám dỗ ,giờ cứ vui đến đâu biết đến đó ,yêu ngày nào đc hp thì cứ tận hưởng chứ đời sống giờ đc đầy đủ và bình đẳng hơn xưa thì ai cũng muốn sống theo cảm xúc để ko phí phạm cái cuộc đời này thôi ,chứ ko kiểu hi sinh bản thân để cho con cái đc sướng hay chịu đựng để sống nữa ,thế hệ trước có sống với nhau đc hết đời nữa nhưng đa số đều ko hài lòng với hôn nhân của mình ,chia tay miễn sao lúc yêu thì phông bạt bung nóc sau chia tay lại chửi với phốt nhau cũng bung nóc là đc",0
"Có ai nói phần nữ cao thì ko có fetish đồng tính đâu. Khi não bộ con ng bị chai lỳ với giao phối thông thường, họ sẽ muốn tìm những cách mới để thỏa mãn, từ đó sinh ra vô số fetish biến thái như con nít, thú vật... trong đó có cả đồng tính. Giới tính giờ như tờ giấy, bẻ dễ lắm.",2
"Tui mới xem trả lời với nhà trường, bà cô này hùng hổ lớn tiếng nói phụ huynh ở phường Cầu Kho là ít học, học thức hiểu chuyện mới hiểu bả",1
"Đọc cmt thấy con này cãi như con ngu bcuoi vcl, kh biết làm thì hơn ai mà cãi nhau như thất học(yes như jobless)",1
Éo hiểu sao nó trúng tuyển NEU :V,1
riêng mình ủng hộ em học sinh lớp 11,0
Tới lúc lũ này bị khởi tố rồi vẫn có người u mê bênh vực bọn này mà,1
Chưa hết việc chê đồ Việt Nam còn đến việc nói này nói nọ về các vùng miền nữa chịu trách rồi đó,0
"Nhất Thanh Hóa, nhì Nghệ An, ba Hải Phòng, bốn Hà Tĩnh là câu nói đầu môi của những người đã tiếp xúc với các người ở các xứ này. Nếu bạn đến xin đơn vào làm công nhân các công ty ở Bình Dương, người phát đơn thường hay hỏi bạn có phải là dân của xứ đó không, nếu đúng thì đừng mất công nộp đơn vì đơn xin việc sẽ không bao giờ được xét.",2
Chặn m tại thấy m dân trí thấp nchuyen đéo có vô đầu m nổi ấy,1
"Cái mỏ ăn thấy ghét, ăn mất vs mà đưa lên mạng cho bị chửi.",1
"Làm ơn đừng để đi bão trở thành một phần văn hoá bóng đá được không? 10h đêm đi công việc về tắc cứng đường không về được nhà, ô nhiễm tiếng ồn, ô nhiễm môi trường, rủi ro tai nạn giao thông… tao chưa thấy gì hay ở cái hoạt động ăn mừng này luôn. Chửi tao đi tao chấp hết! Bực vcl",1
con cá rô đồng dính tí nước biển lại nghĩ mình là hải sản,1
Trang pháp ăn chặt ạ,1
đã tham gia mùa 1 còn nhảy nhót mùa 2 là thiếu thông minh rồi,1
đúng là đàn bà ngoại tình thèm của lạ có gì đâu,2
"khó hiểu nhất là những người thắc mắc về độ nổi tiếng của bà này. bả không có lý do gì để không nổi tiếng luôn ấy =)))) đẹp unique, hợp gu phương tây, cao & body miễn chê, bạn trai nổi tiếng, không scandal, chọn vai diễn phù hợp, bị chê nhạt nhưng không phá phim và cũng mang nhiệt về cho phim, không lên phỏng vấn nói vớ vẩn, tương đối kín tiếng. thiếu gì người k có tài cán gì vẫn nổi tiếng vl mà dí bả v",0
Xưa là đuổi rồi.,0
"Xanh luôn có bài xe hết điện 😂 t thì huỷ vì thấy tx ở xa, còn nhiều người chê tiền ít t huỷ theo lý do tx kêu huỷ hoặc để tx tự huỷ. Còn lằng nhằng t báo app thiệt.",0
"Tôi thấy trg tài rất công tâm và ông cũng rất cẩn thận. Trước khi q định ông đều tham khảo trg tài bàn, trọng tài var rất cẩn thận rồi mới quyết định",0
"Phụ nữ lặng nhăng thật ra chỉ làm mất thì giờ của cánh đàn ông chẳng có gì vui , mục đích của họ lợi dụng tiền quà là chính... họ trơ trẻn tấn công ngay khi bên cạnh họ có vợ... So với gái phục vụ karaoke thì họ thua xa mọi mặt",2
"bắc giàu thì ngon, tới lúc bão lũ miền nam khỏi cứu nữa đỡ tốn 1 khoản",1
Khôn kiểu này đã có từ lâu rồi và còn khốn nạn hơn nhiều nữa,1
mày nói chuẩn t cũng thấy y nguyên những điều đó từ bọn gay. Ghê bảo mẹ,1
"Mà khách cũng kho ở thật, nhẹ nhàng với mọi người cả 2 cùng vui",0
"Thực tập sinh công ty nào đây? Căng tai check var chỉ thấy rên bằng tiếng Nhật thôi, chắc trình độ N1 cmnr. Đ rên tiếng Việt. Debut nên rất đơ, cá gỗ, đ có tý kỹ thuật gì. Ko bằng mấy e checker. Rating: 6/10. Phí moẹ nó thời gian, như tráo hàng vậy.",1
Sao mình k gặp trường hợp này bao giờ nhỉ,0
Đang tính cho mà thấy xin thôi khỏi cho nữa =]],0
"Tỉ lệ người ăn cắp vặt, phạm tội ở bên Nhật Bản thì cao nhất là người Thanh Hóa. Vì số ng xấu ở Thanh Hóa mà cả tỉnh Thanh Hóa phải chịu sự kỳ thị.",2
Tởm vl,1
spam chả giò coca nhìn thối não vc,1
"tích cóp khác với khôn lõi bạn à... tôi gặp biết bao nhiêu người miền Trung, mình chơi xởi lởi hết mình, đến nó 1 cái trứng nó cũng tính",2
"Thế này mà bình thường chắc chắc xã hội này nâng lên tầm vũ trụ hết rồi, bình thường gì mà ngu thế này",1
Mình cũng đang làm dịch vụ này. Và cấm tất cả nhân viên xin tip. Thậm chí nhiều lần từ chối ko nhận.,0
"simp chim bé beta male địt đéo ai liếm tinh trùng tao chảy ra khỏi lồn vợ mày thôi, che chim bé lại đi không thiên hạ cười cho",1
"Bọn giáo viên nó đớp quen rồi, kiến thức thì không có, chúng chỉ tìm mọi cách để đớp thôi",1
"Nội dung đúng mà bả thêm mắm thêm muối quá á.bữa ta nói rùi, cái này là tùy mức độ của người đọc thông tin thôi. Sau 1/7 ko đc chụp ảnh mà hình vs share link báo trực tiếp mà chưa đc sự đồng ý á.
Nghĩa là chụp ảnh mà hình rồi đăng fb cái ảnh là bị lụm, copy cái link trên gg post fb cũng bị lụm. Muốn share thì vô fb trang cần share rồi share , đừng nói gì hết là an toàn.
Trường hợp bà này là bả vẫn nói về vụ doanh nghiệp bị đóng cửa mà bả nói kiểu do nhà nước mình bắt chẹt các kiểu nên bị lụm á",0
"Con gái phải sáng mắt ra, với kinh nghiệm bản thân (t là ctrai) thì ông người yêu của cô này không tốt, bạn gái mình đang bị chỉ trích thì góp tiếng xin lỗi, sau đó tâm sự, khóc lóc, bán thảm gì cũng được để xoa dịu dư luận.
Đàn ông con trai, bảo vệ bạn gái không phải bằng mấy câu tỏ vẻ anh hùng mà là hành động hữu ích ông ơi.",0
"để 1tg cho nta sửa sai thử đi chứ, tao bắt đầu sợ cộng đồng mạng thiếu văn minh ghê luôn",0
"Mấy thằng ấn thì tốt nhất né không nên tiếp, trộm cắp vặt thôi rồi",2
cố lên cưng. K gì phải sợ,0
"Người băng la đét, ấn độ. Mùi rất khó tả, thôi cứ nôm na cho là mùi khắm như mắm tôm",2
Làm giáo viên mà nguu vậy. 1 thế hệ vừa nguu vừa lười ảo tưởng sức mạnh. Đòi hỏi quyền lợi khi cha mẹ ông bà chúng là đa số thuần nông. Lên tiếng mấy vấn đề chả hiểu mẹ gì. Sau cùng tư duy nguu xuất phát từ nền giáo dục của mấy thằng thầy ất mà ra,1
dúng mà không thích thì không xem thôi,0
Tao hóng cái kết,0
đã là cc gì đâu mà đánh giá được. phải về mách mẹ thôi. có điềm rồi mới huỷ chứ chở loại đàn bà này chắc chắn sao thấp luôn. huỷ cho rảnh nợ mà nó còn dãy lên,1
Ấn phải nói là thối cmnl nhưng các bác ạ tôi thấy ấn qua VN 1 thời gian ăn đồ vn đỡ thối. Chứ Ấn ở Úc thì ôi dồi ôi... Đi qua thôi là oẹ,2
Người ta chỉ nhận xét thôi chứ có làm gì bà đâu mà thở ra câu nào đều thối thế?,1
5:20 hình như cột mốc về năm. Đi làm từ thiện chưa đúng chú ạ,0
chở lên phường,0
Tối về chắc xoá hết lun quá,0
Rồi bai bai anh,0
"Thế hỏi m điểm cao để làm gì, để đỗ đh ngon à, vào đó xong bằng sau này để xó 1 chỗ, xh bây giờ cần đâu m ạ, ngta cần năng lực, kinh nghiệm. Bổ túc bọn t đứa đi du học, đứa học cao đẳng+đi làm, sau này chúng m ra trường cũng chỉ dưới trướng bọn t thôi, học giỏi mà mấy cái vấn đề xh ko tự ngộ ra, bao nhiêu bảng khoa học khoa quốc gia các kiểu ra ngoài vẫn shipper thợ sửa chữa thôi???? Hâhhahaha",1
Kiểu như khách Ấn độ thì chỉ gây gánh nặng cho quản lý thôi,2
Tuổi l đòi cancel anh t. Idol dưới háng đòi con Gucci nó đãi ngộ. Jin vừa xuất ngũ nó lại chả húp vội mời về bằng được =)) cỡ a tao đẳng cấp được brand theo đuổi chứ đéo phải tính impact = số năm hợp tác của thằng xtls + đlb đâu mấy con tung của và mị châu ạ,1
"=)) không hiểu sao chúng nó có thể tự tin với cái tư duy lệch lạc đấy được, chả có đứa con gái với đầy đủ lòng tự trọng lại đi xin ăn ngay ngày đầu tiên như thế cả. Bảo miếng ăn là miếng nhục có sai đâu mà, mất cả liêm sỉ, phẩm giá vì mấy miếng gà rán =))",1
"Nó cũng giống như con người và cách sống của tụi nó, đi tới đâu quậy đến đó, bọn cùng đinh",2
Bên grab ko chênh nhiều cùng lắm là 5-10p con shope mới ẩu đặt kem để đi làm về ăn mà nó giao trước hẳn 40p làm kem chảy hết sạch( ko trách tài đc trách con app ngu),0
bgd vào can thiệp đi ạ học phí tăng cao quá em chịu k nỗi 😭😭😭,0
"ngta thật thà thôi mà b :))), hay b chê ngta rón rén qá. kb c Hạnh mặc váy j ngta ngại ha =)), nc ng ta thế là lsu rồi, câu cuối nói ra để không khí nó vui vẻ thôi.",0
"T dẫm phải lông l m à mà giãy gớm.Con dẩm này đao à, ở cái sợi chỉ này thì toàn phông bạt,bóc phét,đi phốt ngta chứ tin tức mẹ j.Bản thân não m đơn giản tưởng ai cx như m à... ó.c l.ợ.n ạ. Đel bt bộ não đơn giản của m có nghe lọt đc cc j k hay đầu toàn cứ.t",1
Người sống để thay lòng khó sống lắm,0
Pháp luật Việt Nam nên hạ độ tuổi tránh nhiệm hình sự trước,0
"Người miền Nam bản chất đơn sơ thật thà, chúng tôi không có lươn Lẹo gian manh như người miền Bắc đâu. người miền Bắc miệng nói dạ dạ nhưng trong lòng gian dối",2
giọng ảnh đỉnh đạt,0
"Vas can thiệp „trọng tài rút thẻ đỏ mà„,",0
m không nghe mấy vụ mấy con heo nái làm lỗ xả cho một đống con trai à. nếu nó trên 300 pounds mà mặt xấu vcl thì trinh phải giữ đến đời chít mới mất,2
đề nghị cơ quan chức năng vào cuộc xác minh làm rõ vụ việc,0
tìm kiếm minh nhựt,0
"tụi nó làm gì trong phòng thì ko quan tâm, nhưng lên mạng với ra đường tìm mọi cách làm lố và nổi bật cái đó lên thì ai ko gét.",1
"Đời này không ai làm không công cả.( In this life, no one works for free )",0
"Nói tí tụi nó bu vào kêu mình thua kèo với người Thái nói tiếng Việt bây giờ:))) Nãy có đứa bảo Mấy năm mới có 1 lần chứ có phải lúc nào cũng vậy đâu đấy, tính mạng 1 người phải đi sau niềm vui của người khác, dị hợm",1
"""Nếu người giàu ăn bánh mì thì gọi là gì?""
""Vậy ăn gì mới là 'giàu'?""""Thế chắc mấy nước khác cũng 'nghèo' hết vì họ còn khen bánh mì Việt.""
""Đồ ăn mà cũng phân biệt giàu nghèo thì suy nghĩ hơi lạ đấy.""""Đồ ăn không có đẳng cấp, chỉ có cách suy nghĩ của con người là thấp hay cao thôi.""",0
"dã là hh thì nên có học thức trí tuệ, xinh dẹp chứ sang nước bạn phát ngôn vậy nta còn nói vn hh vn k có học thức ,may chưa sang nc bạn k thì nhục",0
"Quay lén là hành vi vô duyên, xâm phạm quyền riêng tư của người khác, ko có chuyện phân biệt nam nữ, so sánh ngu l, chửi thì đéo chửi, phải chọc l đàn bà mới chịu được",2
"ấn khỏi bàn.! Đặt xe 30n lúc đi 40n , dòi lên xe",0
"Tui đi ĐLat, trộm vía ko bị ai bắt chuyện. Tui ghé 2 quán cf, ko ai hỏi tui đi 1 mình hay gì. Đa phần họ ko dám làm phiền tui vì trông tui lạnh nhạt lắm.",0
ờ là m muốn thằng lít đờ chịu sự ngu lồn của lũ điên kia luôn mới vừa lòng hả con chiến đo,1
Đụng chạm chút quyền lợi là nó sủa như lũ chó dại,2
cái này là vi phạm pháp luật rồi,0
Đụ đàn ông đi cho khoẻ,1
Ko lẽ lại cho về sớm,0
Kinh tởm cái đất nước này,1
Chuẩn luôn bạn. Nhất là mấy con dẩm lấy bọn tàu khựa. Xong quay ra chê tổ quốc chê trai Việt Nam. Khoe nào là không phải nấu ăn rồi dọn nhà này nọ. Mẹ ngu đéo chịu nổi. Toàn mấy con mị châu ngu ngục.,2
Khuê ởi dậy đi CA đến tìm,0
"Mỗi nước đều có văn hoá đặc sắc tích cực cũng có tiêu cực nhưng Ấn Độ không có đặc sắc toàn tiêu cực, vô tội vạ bẩn vô phép liều lĩnh nói chung tệ nhất thế giới",2
Tốt lắm bn,0
Cứ lên thẳng đồn công an mà xin,0
"Tôi đang sống ở Canada. Giờ bên đây dân Ấn Độ di cư nhiều lắm luôn, người bên đây gọi bọn họ là bọn hôi nách. Mà bọn nó hôi thật",2
"Sẽ có ngày cả vụn bánh mì nó còn chả có mà ăn cho nó biết quý trọng, dân gì óc trái nho",1
Thôi có gì đâu mà ae cứ xồn xồn lên khán giả nói đúng mà,0
Những kẻ ngoại tình thì phải sụp đổ tất cả để trắng mắt ra,1
Trọng tai này thương vn là đúng kg the đó thì vàng,0
"giãy ít thôi cháu, dễ kéo anti cho C lắm đấy, bố mấy con dẩm tưởng thế là hay",1
Toàn chê hanoi. Nhưng lúc đéo nào cũng bám trụ ở hanoi. Về mẹ bớt quê chúng mày đi,2
"t sống đủ lâu tới ngày thấy có người mang Quan Âm Bồ Tát ra nói rằng ngài là genderfluid để làm ví dụ cho việc bình đẳng giới tính của con người.
tôn giáo",1
"Ê t nói thật , ghét ntn di chăng nữa thì cũng dừng dồn nta vào bước đường cùng . Chưa chắc gì bọn m ăn nói cũng chuẩn cả mà đi làm những điều đó",1
Cái miệng hại cái thân,0
"Kênh này hay phết, nói chuyện kiểu cute ý :))",0
"Người Miền Bắc tỏ ra ngang ngược, hành xử và làm những việc mà Miền Nam được giáo dục là không nên làm vì ảnh hưởng đến người khác tuy nhiên họ cho đó là thông minh, lanh lợi",2
Mấy con thất học bá dơ cà mau 69 à Đừng mò lên Bình Dương làm cty nha. Bị đuổi á,2
"Hồi xưa nó đã từng khổ hơn chúng ta mà, nó nghèo đến nỗi ko có gạo với dầu ăn nữa, còn bây giờ nó giàu nhưng nó ngu, chờ nó nghèo rồi ăn mừng thôi",1
Thể thao phải Văn hóa chứ  Ma lai .,1
"thông cảm đó giờ đi xe máy,nên thấy đường bây lớn nghĩ là oto cũng chui dc",0
Đuổi ra khỏi ngành y để là hiểm họa cho bệnh nhân,0
Gặp anh mà đánh kiểu đó là chiếc xe hơi của chú em không còn một cái kiến,1
"Trả lương nhân công bản địa rẻ mạt thì giờ đám chạy đc nó sang nhật hàn úc làm công thiếu lao động trong nước thì lại đi nhập bọn rẻ hơn về vd như bangladesh, hài 1 cái là quốc gia chưa giàu đã già và thanh niên mất việc trên sân nhà vì đồng lương mà tư bản đồng bào trả quá rẻ mạt phải dạt đi nc khác kiếm ăn. Còn cái văn giới trẻ chịu khổ kém chỉ là lấp liếm thôi, trâu ngựa nó còn đc thảnh thơi gặm cỏ, đời ai chả muốn đc sướng, chả bố mẹ nào khổ cực lại muốn con cái sau này y chang mình hết",0
T đang áp dụng cái này nếu t đi bất cứ chỗ nào lạ nè. Và ngoài ánh mắt biểu cảm thì t sẽ hạ tone giọng trầm nghe cho nó dứt khoát hơn bình thường khi nói chuyện với người lạ nữa.,0
Chủ tịch ngồi xe VIP xong về khách sạn massage thư giãn chứ ai đi bão như tụi mọi rợ chúng mày,1
"Thể loại này thì phải chịu rồi, cướp cạn giữa ban ngày",1
Bãi gửi xe Aeon ở Huế mà tưởng đang ở Mỹ. Tui ở ĐN đi Aeon Huế đây chưa đi Aeon ở ĐN từ lúc khai trương tới h. K hợp chỗ đông nên né ngay từ đầu,0
"Người lười thường thông minh, người ta phát minh ra dụng cụ ăn uống cho vệ sinh, ăn bốc xong rửa tay kiểu chó gì",1
"t có biết VN đá bóng đéo đâu, 10h hơn ló mặt đi ăn tô hủ tiếu vừa ra tới đầu ngõ đã thấy người ta đi bão rồi. kẹt cmn luôn đéo về đc tổ cụ, con thì bé ở nhà ko ai biết cho ăn. tìm đường mà thoát ra hỗn loạn vl! đi xe còn đéo nên thân, lạng lạng lạng lạng, hò hét đinh tai nhức óc, bực bội vãi lzzz. chưa bao h ăn tô hủ tiếu mà 2 tiếng mới về đc đến nhà dmmm",1
"Miền Bắc đã bao bọc mình nhiều như thế nào?
Nói thật thì gia đình mình ở miền trong, ở thế hệ ông bà vẫn còn tư tưởng phân biệt vùng miền lắm.
Khi mình ra Bắc sống, ông bà mình cũng k ủng hộ mấy, từ nhỏ mình đã được nghe những điều không hay, lớn lên cũng có chút e dè. Nhưng khát khao vùng vẫy, tìm kiếm nó lớn hơn những niềm tin về vùng miền kia, nên mình vẫn quyết định khăn gói 1m ra ngoài Bắc sống.",0
"Bọn này vô ý thức đến mức mang cả rượu ra mời người đang tham gia giao thông uống mà vẫn có thể hò hét, cổ vũ như chẳng có chuyện gì. Không biết trong đầu bọn nó chứa cái gì nữa.",1
"Mẹ mấy ông ấn đi qua phát biết ngay, không phải thối mà mùi kiểu méo gì ý. Rất mùi ấn",2
"Cái nhân cách đã thượng đẳng và lệch lạc thì nó có thấy sai cũng không sửa đâu, chỉ vì cơm ăn vì tiền tiêu mà nó sẽ lựa lời nhịn lại cái nết để diễn duyên lấy lòng người ta lại thôi",1
"Nhân viên thái độ, làm qua loa xong ngồi chơi dt, ko đưa đồ cho khách đàng hoàng ,ko đưa hoá đơn ncl tệ vcl ấy đừng có bán nx, nhìn cốc mixue có chán k? nghỉ bán cmld:))",1
e ngèo quá a giúp e với,0
"Không, du lịch VN trụ cột chính được định hướng nhắm tới đối tượng đầu tư bđs du lịch, mass tourism 🙂 từ 2015 tới giờ vẫn vậy. Ngách highclass thì t ko đủ VIP nên ko có trải nghiệm để share.",0
Btw các bác nào biết cái giao tiêt kiệm vs nhanh có khâc gì ko ạ? Các bác tài coa thật sự nhận thêm nếu giao đơn nhanh hay ưu tiên ko ạ?,0
Đúng là kênh lịch sử nói về âm nhạc.kaka.,0
Cám ơn Trọng Tài rất công tâm .,0
"chửi mình là con thiểu năng , ngu như chó , đéo làm được tích sự gì , son với phấn như con đĩ mà cứ bôi bôi , đéo ở được thì biến mẹ về các ổ chuột kia mà sống",1
"Tội nghiệp cho những ai đang theo dõi con này, vừa làm giàu cho nó vừa nghe nó chửi",1
Chắc k cấm visa VN đâu nhưng mà sẽ chỉ giới hạn cấp cho những tỉnh thành hay 1 số phường có trình độ học vấn và kinh tế cao. Rồi hết cả những bạn sinh ra ở phường khó khăn vượt khó lun,2
Sao lại dể nó thế nhỉ ... k cos chế tài nào sử lí bọn này,0
"Ui trời, dân Ấn độ hầu hết đều rất chặt chẽ keo kiệt",2
"tui chạy Grab mà mỗi lần dính cuốc mấy ông Ấn độ là coi như cuốc xe đó hủy bỏ, đm nó vừa keo mà vừa hôi nữa",2
Bên Vinamilk ca nào sẽ ck về tk của nv ca đó b nhé,0
Nhìn tướng đã biết là bố láo rồi,1
Liệu nó có bùng tiền ks không. Lo quad,1
"Dcu nhà mày luôn th óc chó,lần sau hãy nói”tôi bị ngu”:))",1
"Vô văn hoá tưởng mình hài hước. Cái người phải đi làm để nuôi gia đình, tạo ra giá trị cho xã hội và đóng thuế cho nhà nước lại bị chửi đời sống tinh thần nghèo hay không iu nước. Yêu nước quá thế đến lúc bị kêu đi NVQS thì đút tiền để trốn, hay điển hình là đi bão để xả rác, làm ô nhiễm môi trường, qrtd, cướp bóc",1
Bọn ấn độ sang vn bựa cũng có kém gì đâu,2
"Không phải là dân trí thấp, ngay cả dân Ấn Độ trí thức cũng hành xử rất tệ với nhau",2
"tôi nói thật thái rất giỏi, họ hơn việt nam mình rất nhiều, nếu có thể nói quá thì thái chắc vươn ra tầm châu âu rồi nhưng ở đây tôi nói người thái họ giỏi muay thai và mạnh về tài chính mua tài mua pen, kể cả bùa ngã để hãm hại anh son. 3 2 cho Việt Nam nâng cúp nào congratulations VN",0
Thương các cháu mau về nhanh và học lại từ đầu còn cần nhiều nhân tài,0
thằng 11 đẹp trai mặt hiền nhất .,0
"T bị mấy bạn idol live ib nè , làm quen các kiểu xong vài hôm bảo t vào cứu vì ế kèo hoặc là chị ơi mở bát giúp em với 🤣",0
Hiếu pc lâu rồi đọc trên voz bóc mẽ là thằng xạo lồn mà.,1
Đăng để ng khác biết cẩn thận hơn cha..bỏ qua cứ im im vậy rồi sao..k thấy lâu nay mấy cha ấn độ toàn thế à,0
"con người như lương chỉ là rác, phá hoại môi trường, lừa đảo các thứ, còn thấy chưa đủ hay sao mà chê",1
bố trẻ thế :))),0
được hấp diêm đm con mL này. Cho t fb của nó t vào chửi cái coi đuma nhà nó,1
"nó cũng giống như mõm thì ghét công an, chửi công an nhưng có chuyện thì lại gọi công an ấy =))) ý là biết mình đéo sống yên ổn mà thiếu cái đất HN được thì đừng có dựng mõm lên chửi. nó hèn nó vô ơn lắm.",2
Người Việt Nam ơi ???? what da f*ck a du doing ??? gaesekkiyaaa ssiballll cháo nị maaaaaa tỉu lị lụ mụuuuuuu,2
"Tự Long có nhiều quả đi vào lòng đất. Nhớ có chương trình gì trên VTV làm chung với Hoà Minzy. Hoà nó có con từ tám đời rồi vẫn còn hỏi Hoà về Công Phượng, điên thật sự chứ",1
Có đầy người Việt Nam ở nước ngoài còn đang thèm bánh mì và mong có thời gian về quê ăn bánh mì thế mà chị lại,0
"Tụi này người tụi nó hôi lắm, tôi chở 100 đứa cả nam và nữ có mỗi 1 đứa có xài nước hoa, còn bao nhiêu hôi không thể tả nổi, mùi cà ri chiên dầu giống như ăn mắm tôm mà không đánh răng",2
"Bắc Kỳ Nam Kỳ là cách thực dân Pháp dùng để chia rẽ dân ta, giới trẻ bây giờ lại đi phân biệt lẫn nhau thì đúng ý Pháp rồi đấy",0
KH BIẾT LÀM GÌ VÀ ĐỘNG VIÊN CON VƯỢT QUA CHUYỆN BỊ QUẤY RỐI THAY VÌ ĐẤM VÀO MẶT THK L ĐẤY Á???,1
ủa thấy nói riêng mấy bà đó mà vơ đũa cả nắm đâu? nữ quyền độc hại là tính chất chữ ko phải nói tất cả đàn bà độc hại hiểu hông,0
Thật ra Việt Nam vốn dĩ đéo có ý thức nhường đường cho xe cứu thương,1
miền bắc rất nóng tính dễ ẩu đả lẫn nhau gặp k Chào bảo khinh khỉnh Chào bảo Chào đểu nhìn đểu rất dễ ăn điếu cày,1
khéo về ổng phốt nữa. nói txe cho quá giang. ông đăng đăng bị trách giống txe kia á,0
đúng kiểu bố nào con đó,0
"TL xấu đều rồi, từ CT cho đến BHL, và tới khán giả,",0
chán,0
Kênh này ngày càng rác v à? Kh nhìn thấy những giá trị mà ctrinh mang lại khi khơi dậy văn hoá dân tộc hướng đến sự bảo tồn và phát triển của đất nước dân tộc mà lại mang một góc nhìn 'người ngoài' vào để phán xét. Nói chung là giả danh người yêu nước để câu view chứ cũng chẳng tốt đẹp gì,2
Tui cũng mới gửi cho chồng tuii hôm qua,0
"Tuân: ""Xong KPI rồi, livestream mấy hôm rồi sủi tiếp thôi""
Btw đoạn đầu anh lấy cảm hứng cực mạnh từ JVevermind :v",0
Câu cuối tưởng cho bảo hoàng lươn ai dè bất ngờ rủ chơi bên chú huấn kkkkkkk,0
Mình đang không làm được gì khi tước VM MWVN 2023 mà đang làm ảnh hưởng Mai Phương rất nhiều,0
"1 bill 276đ đúng là chuyện nhỏ, nhưng với kế toán họ đâu có phải chỉ xử lý 1 bill như vậy 1 ngày.
276đ đó tiện cho bạn. Còn ngta tăng ca xử lý mấy cái đống đó cho bạn thì ngta đáng đời ha.
Lúc đó kế toán nói gì? Nói cuộc sống khắc nghiệt với họ đến thế nào mà để họ gặp khách hàng như bạn!",0
lại viral quốc tế,0
"Đứa nào mà quen con này chắc cũng phá sản với nó,,bố con này láo thật,,dám chê ăn bánh mì là món ăn khổ cực sao,,phát ngôn liều mạng thật",1
Mày nch óc chó quá cùn vãi cả l,1
Muốn chửi thề thì dô tolét chửi cho đã lại ra mặt tiền nhà nhà người ta mà chửi bó tay,0
nhìn ntn là ktv r chứ k phải ktv tương lai nữa,1
thằng lờ ngáo,1
"""Cám ơn. Tôi đã chết ở đây"" Đây nhé, dừa lòng sốp 😩",0
"Ê bây ơi, sau đợt nghỉ lễ về quê này t hơi bị sock
Những đứa bạn cấp 3 ngày xưa nổi tiếng con ngoan trò giỏi, nhưng sau đại học nó thất nghiệp rồi lấy ck, bây giờ đi làm công nhân cùng ck ở BD.
K phải là t kỳ thị mà bị sock ý, cái đứa hc giỏi, tư duy k phải dạng vừa, nhưng vì sao chỉ vài năm mà lại thay đổi nhiều như thế thật sự t bị sock á",0
"Bro vay dễ v, tui vay khó vl",0
Con này lúc đầu còn coi càng ngày càng ngông ngong,1
"tụi gay les nó chọn cách làm lố, phóng đại, tuyên truyền cái bình thường hóa cái cách mà tụi nó quan hệ tình dục đồng tính, cách ẻo lả không cần thiết, cứ gây ảnh hưởng đến mọi người đến cộng đồng xung quanh rồi mong rằng mọi người đừng kì thị, đúng là xàmlol",2
"hlv kim mặc áo đen là may mắn thắng thái lan bảo ông kim là về sân Mỹ đình lại mặc áo đấy cho may,không phải giặt đỡ mất lộc",1
Quả này con vợ phòng thủ hớ hênh thật=)) họ có điều tra (họ nói vậy idk) nên là ông dễ bị phạt hơn người khác thật,0
Ghê tởm,1
"Cô ăn nói cũng nửa mùa bỏ mẹ,nửa nạt nửa mỡ mà cứ đòi người khác phải rõ ràng với mình,mà cho em hỏi là cô đây có cái bằng sư phạm hay nghiệp vụ sư phạm hay giảng dạy cái gì mà vỗ ngực xưng hô cô-lớp mình thế ?",1
bánh mì là modn ăn yêu thích của nước nga .và món ăn quên thuốc nhanh gọ lệ của hàng triệu người Việt vậy mà nó nói như rớt não vậy.,1
"Mỹ tao còn đánh bỏ cháy chứ đừng nói là Ấn Độ nhé, bọn Ấn này phải ăn đòn thì nó mới khôn ra được",2
trường mình nè,0
"Quan điểm cá nhân của t nhé, chúng m có tin cái chuyện người đồng hành k thể khác tam quan k??? Ví dụ như t mà làm idol lice mà cha nào user nết dưới mương là t né t kêu dừng sp liền, đây sao nhỏ Q vẫn chịu thậm trí thân với cha tobi vậy? Thì tụi m phải coi xem nếu nó thật sự tốt đẹp 100% thì sao lại chọn đồng hành thân thiết với thằng l ăn đéo dc thì đạp đổ như nó ??? Thật sự rất phiền luôn từ tết h thi thoảng lại kéo ngk vào drama của mình phiền vl 🙂",1
"người ấn độ bón phân mọi lúc mọi nơi, đúng là quốc gia yêu thiên nhiên và làm nông nghiệp tại chỗ hehe",2
Có lẽ nguồn gốc người ấn độ bắt nguồn từ loài lợn,2
T fan chú Tự Long từ Chông Gai mà đọc cái này sốc luôn :(((( thôi thì ai cũng có quá khứ...,0
Thắc mắc là dùng spaylater ko có nợ xấu mà trên Momo cũng ghi là 18tr lun hả?,0
"vụ negav với quang hùng masterD á, negav giỡn ngay chỗ nhạy cảm của qhmtd ý",0
"1 là ko phục vụ
2 là tiền trc.",0
"Khổ thật sự các bác ơi
Phải đến sáng đột kích lúc ngủ mới lấy được điện thoại lại =)) ông cháu chỉ vào được mess với cap màn hình lại thôi, em mò dc cả acc thằng tuất này fake ảnh con bé em tui quen rồi",0
"đọc như báo cáo khoa học luôn, đã thật =)))",0
lúc nào lên uống trà gọi mình với nhé các bạn,0
"Mấy con lồn nái này là loại xạo lồn sống ảo trên mạng, thực tế toàn là đĩ lồn banh lồn cho cặc đụ để có tiền đi xạo lồn. Còn mày là xàm lồn!",2
"Đi làm thì soi mói bắt bẻ, tối về nhậu thì tụm 5 tụm 7 hát hò hú hét ko khác gì mấy con khỉ. Ồn ào ảnh hưởng hàng xóm. Đừng mang bản tính rừng rú của tụi bây làm ảnh hưởng những người muốn sống đàng hoàng và cả lớp đi sau nữa.",2
"mng nhìn Thùy Tiên di , nói câu nào trọn lòng luôn câu đấy , giản dị k tự cao tự đại như ai đó , biết kiểm soát ngôn ngữ và biết ơn những ng giúp đỡ",0
"T thấy 1 điều khá đúng, Bà nào xinh thì zube, còn xấu gái thì zuto vl, bà nào vừa xinh vừa zuto là 99% pttm. Cái này chuẩn vl cãi làm sao đc ?",2
tại sao ko gọi c an .không lúc ông khách kia lại đổi trắng thay đen,0
Môt video lúc phát tiền nói 5tr nhưng chỉ có xoẹt xoẹt 6 lần 500k . Mong CQCN tìm lại xem có đúng không ????,0
"Nói trc : t kh phân biệt vùng miền
T muốn hỏi là văn hoá ăn cơm trong miền trung, cụ thể là QN,cái việc đầu buổi cơm mà chan canh vào chén ăn là không đc bth là khác người hả mọi người.
T bị bạn góp ý là kh đc ăn như vậy, chỉ khi ăn gần hết chén cơm mới đc chan canh vô chén như vậy, ai giải thích thông não giúp mình với
Chứ t miền tây ăn như vậy là bth, chi là chan vào cho dễ nuốt thôi. T kh biết nên lên đây hỏi",0
Xem tiktok này là hại não nhé mọi người!!! Phát ngôn vô nhân cách!,1
"Sau này tôi ra hà nội sống, tôi đi làm về thì thấy 2 công nhân người Thanh hóa chạy vào phòng trọ tôi xin nước uống, tôi cũng rót nước mời, xong chúng nó sang phòng trọ bên cạnh trộm điện thoại làm tôi bị liên lụy",2
"Tôi là người Nhật và sống ở Hà Nội, tôi có một câu hỏi. Tại sao người miền Bắc và miền Nam lại thù địch với nhau đến vậy? Khi tôi dùng phương ngữ miền Bắc, người miền Nam lại xúc phạm tôi. Chiến tranh kết thúc đã 50 năm rồi. Tôi nghĩ mối quan hệ giữa người dân Tokyo và Osaka còn tệ hơn nhiều.",0
Cái nào tao cho là giả thì là giả cái nào tao cho là thật thì chắc chắn là thật là chân lý. Thế này thì trên cả vua rồi.,0
Hôm nay thứ 7 . Thứ 2 :))) sẽ lên uống trà nhé,0
"Thg mấy bạn học tâm lý thường là người có bệnh tâm lý hoặc tâm lý khác người á. Tại mình tiếp xúc bn học tâm lý đa phần EQ nó cứ s s í, nên là mong mấy bạn học tốt, tư duy cởi mở hơn.",1
"thằng đàn ông thì cần nhất ở người vợ là khả năng mang lại sự bình yên và chăm sóc cho hắn - thứ mà phụ nữ trinh tiết đức hạnh làm tốt hơn bọn gái rau dưa, gái lên bar, gái tinder (vì với đám này hắn luôn phải căng óc nghĩ xem nó có đang ra ngoài đụ dạo không)",2
Tui nhớ sĩ quan cấp cao Nga cũng mang bánh mỳ về mà. Obama cũng ăn kìa. Tụi này láo quen.,1
"Biết bảng số xe máy rồi, mai mốt tao gặp là tao ném đá bể kính xe máy luôn!",1
tui trù ai làm như vậy sẽ bị làm lại y chang như vậy cho hiểu cảm giác ấy,1
"tao phải nói dân bắc kỳ rất khôn, tụi nó thà làm đỉ tạm bợ, kiếm tiền nhanh vài năm, có tiền xong về kiếm thằng ngu nào xong mở nail, spa, karoke, hoặc làm ma cô dắt gái. tụi nam kỳ nó ngu hơn, tính thẳng thắn hơn đéo dẻo mõ dẹo trai được như gái bắc kỳ",2
cái gì không biết chứ nó hôi kinh khủng khiếp,1
hỏi thiệt hôg cho tui xin căn q1 đi,0
dẩm lồn ấm ớ à con ngu cuồng thần tượng :))) ỏ nhà chắc tự kỉ đu mấy thằng k cho m được tiền k lo dc cuộc sống của m ngoài ba mẹ m :)) óc lồn thì đừng phát ngôn,1
Bỏ qua? Bỏ ưua mà đăng lên đây???,0
"tốt hơn là giao diện và thần thái như người dân ở đó là an toàn :))) t đi solo trip mà cứ dép lê quần đùi như nhà gần đó mới đi bộ lê la hàng quán kím đồ ăn vặt vậy, sơ hở có thể là bị bà má xuất hiện gọi về bất cứ lúc nào 🤣🤣🤣",0
Anh vắt đến từng tế bào,0
Hậu quả của phong trào nữ quyền lên cao ở vn là bọn khỉ chúng mày đéo có gái để địt. Khi mà con cặc của m chưa dài đến 30cm thì tốt nhất nên ngậm mõm khi nói đến con gái ngta.,1
"Hú hét, làm tắc đường, chưa kể gây rối, lạm dụng tình dục, đánh nạn nhân,... Ôi lũ mọi rợ, tao chỉ muốn chúng mày cút hết về rừng về hang mà sống, đừng làm vấy bẩn xã hội văn minh",2
t đang chờ đây,0
15 năm dẹp nhất cho E ấy,0
NÃO NÓ ĐỂ DƯỚI MÔNG,1
"những hành động và suy nghĩ của bạn này nó gọi là bản chất rồi, hết phốt này tới phốt khác cứ liên tục như vậy theo mình nghĩ khó có thể mà thay đổi được, lượng fan nhí của nó cũng không phải là ít, ít nhiều gì cũng tạo ra ảnh hưởng xấu, hy vọng cơ quan quản lý nhà nước can thiệp mạnh tay, để những hình ảnh tư tưởng xấu xí của nó không còn có thể xuất hiện để không làm ảnh hưởng đến mọi người nhất là các fan nhí",2
"vl mày thành một con đàn bà bẩn thỉu rồi, giờ mày mất mẹ giá trị rồi, tương lai làm phò thôi. Con gái bọn mày ngu vkl khi nghe mấy thằng rẻ rách bảo màng trinh không quan trọng, màng trinh để 1 thằng alpha top đầu xã hội đánh giá nhân cách của chúng mày đấy.",2
Khách nước ngoài trước khi lên xe phải thu tiền trước,0
ăn cho lắm vào rồi chê sao ngu thế,1
Bất lương thì mãi mãi không bao giờ trở lại. Nó chết danh luôn rồi,1
Óc chó vl tự làm tự chịu,1
"Chuẩn bị mấy group anti thành trang thương mại điện tử lùa gà lùa gà trá hình, toàn bị dắt mũi",1
Còn miền tây vốn ngu lồn đó giờ Gái làm đĩ Trai thì đua đòi thể hiện. Nói chung có this có that nhưng mà phò miền tây ngon,2
+1 meme,0
"bảo sao người ta nói cộng đồng mạng xh VN thuộc top không văn minh mấy. những người chỉ biết toxic, cho mình là thánh nhân và luôn đúng",0
tao mới xem tập 2 nè ông thầy ổng xem toàn gái đẹo,0
"Đổi giáo viên làm gì, giáo viên mà thế này không cần đổi, đuổi luôn, tước giấy phép hành nghề luôn. Đạo đức không có, qua lớp khác dạy cũng làm hư mấy đứa nhỏ thôi",1
top1 cogaicorau,0
Ở Việt Nam bạn sẽ có thể nổi tiếng vì những lý do không thể tin nổi. Mà người Việt Nam mình cũng nhẹ dạ cả tin hay tui không muốn nói là ngu dốt,1
"um sùm lên lên, quốc tế lên",0
người yêu liền lương,0
nó ngoại tình là nó sai nma ấu dâm thì cx đéo ra gì hết dcm,1
"Thì thắng là mấy bọn hùa nhau đi BÃO đấy thằng l ạ. Bọn t đi làm muộn về dm đường tắc 10-11h đêm? Vô tổ chức, vô kỷ luật, biết luật sau 10h hạn chế gây tiếng ồn lớn ko bọn l? Đi đường thì phóng như nhà có người chết. Dm hung thần chứ tinh thần yêu nước cái nỗi gì. Đất thủ đô mà toàn bọn vô học",2
Rồi cuối cùng tra được thầy tìm kiếm gì chưa,0
Xin hỏi lấy ven là gì vậy ạ,0
"trời tạo ra phụ nữ là một cánh hoa muôn màu sắc nên điều họ muốn không có điểm dừng, đàn ông không làm ra tiền thì phụ nữ xem là đồ bỏ thôi",2
"làm gì thì làm, gửi gì thì gửi nhưng dừng ảnh hưởng tới việc Mai Phương đi thì MW 2023 là được",0
này mạc áo rét mà ảh đời nào,0
tại sao lại ủng hộ HS lớp 11,0
"Ăn phạt, xanh sm còn tx thì phải phạt tầm 2-5l",0
hà nội nó là 1 tp chung chứ có thuộc sổ đỏ nhà e đ đâu mà cấm người khác chê nhỉ =))) may hồi xưa du học chứ không bị bọn nửa tỉnh nửa quê này thượng đẳng mất,1
"Bọn ấn độ, nepan, pakistan ăn cà rê + ăn hành tỏi lên nóng chả bốc mùi, phát sợ lên được",2
Đâu chỉ kỳ thị giới ở người lớn ko thôi đâu bạn. Ở Mỹ có một chị gái đã đi khảo sát khắp các cửa hàng lớn và phát hiện hầu hết quần áo của bé gái đều được thiết kế cực kỳ bắt mắt ở những vùng nhạy cảm như ngực và vùng tam giác.,0
Con nhỏ này là thứ rơi xuống từ cầu cá tra. Và cái ao đó có 3 triệu con cá tra,1
"còn có thể loại so sánh nếu đàn ông ko mặc sịp mà để 2 hòn dái lủng lẳng? im tired of ts man, tụi nó nói như kiểu đàn bà đéo phải mặc quần lót v. tụi m ko mặc thì dái xệ thôi chứ so sánh ngu vl, cho xoắn tinh hoàn hết đi",1
"""Cá không ăn muối cá ươn
Mày không nghe anh có ngày mày ăn cứt "".
Một câu thơ ngang đi vào lòng người :))",1
"ưu điểm: không ""kệ đi em""
nhược điểm: không dám nói 😔",0
"bạn mua để ăn là chủ bạn sai
bạn mua đêt bán cho người khác là bạn sai",0
"dcm làm ăn bố láo vl, xin mỗi ng 1 lượt spam sdt, cay vkl",1
"Giải trí mà , có gì soi mói gớm vậy",0
"cái cmt chịuuuu là t đấy=))) nma sao kh thấy tb của nó nhỉ , dm loại đàn bà có chim này hãm vcl",1
tội cho cj vaii,0
"Cơ bản là người dùng ở VN quá ngu, toàn để dắt mũi đâm ra bao nhiêu vụ bị lừa này chỉ là 1 trong những pha đó thôi",1
Mấy thằng vtv quay toàn đứa đâu đâu chả ai quan tâm làm đại diện cho genz,1
Tin tức trên threads à mấy con ngu lồn:)),1
Đáng thương hơn là đáng trách,0
"Văn hóa thì văn hóa nhưng cái gì nhìn thấy hay thấy đẹp vẫn phải học hỏi, chứ ăn bốc thì tôi không ủng hộ, thậm chí còn buồn nôn",1
t biết bạn trên TikTok và thề là b rất phúc hậu lun ấy,0
Nếu lược về đã bóng ở sân Mỹ Đình mà VN thua thì sao?,0
"Cái thói nửa đêm nửa hôm ồn ào hú hét ô nhiễm tiếng ồn của trung bình người VN tự hào ấy, mang ra nước ngoài nó là văn hoá lùn thiếu văn minh maats dạy. Đến lúc bị gọi cảnh sát hay lúc bị gọi là L country thì gào mồm lên. Nhục",2
"Sở VH nên cấm cô bé này phát sóng. Từ vùng quê nghèo đến bây giờ coi thường người nghèo, phân chia vùng miền, vô giáo dục.",1
Nam nghỉ dưỡng tắm hoa tháng sau đó book vé đi Phú Quốc nghỉ lễ 1/5 thôi bác tài,0
Nay thấy có mấy con tự nguyện mặc hở vú đít để bắt tay ôm ấp với mấy thằng đầu trâu mặt ngựa ngoài đường,1
"Yuri là một nền văn minh lành mạnh, còn bọn gay lọ cứ phải bỏ vào phòng tra tấn giật điện",2
mấy ae cho nhiều rồi họ quen mết lết luôn rồi,0
"Anh em cẩn thận, giờ nhiều gián điệp TQ nói tiếng Việt chia rẽ đoàn kết dân tộc",1
Tôi dị ứng cách con này cắn bánh mì nhổ ra nhìn vào biểu cảm giống như nó khinh bỉ và bị ép ăn bính mì vậy,1
"z chớ trả lời hỗn xong xoá cmt nè, con mái ngố",1
"Giết người xong xin lỗi được không? Do sợ cộng đồng mạng lên án thôi, cậy có chút quyền thế, quan hệ mà tỏ vẻ ta đây",1
Nếu không bỏ được chồng thì cho con nó về ở với bố nó giùm haha:)) mấy con mẹ ham cu nên giở giọng “động viên” =))) rõ ràng đang có mối nguy cho con mình,1
Sếp b là ông này à,0
"T đọc cũng tưởng gì, ng ta lịch sử nthe rồi mà còn bắt bẻ",0
quá chuẩn,0
Mà nạn nhân hiếp dâm nghĩ đền bù được bằng tiền thì tư duy mấy người như thế thối rữa cmnr,1
"T chỉ nghĩ đơn giản là tụi LGBT sẽ phải dùng năng lượng để sinh hoạt/ suy nghĩ ngược lại với bản chất sinh học của cơ thể. Vậy thì nó sẽ ít năng lượng lại cho các hoạt động khác, nên cư xử cũng less human hơn",2
"Phát sợ cái văn ""ở nhà làm công chúa của cha mẹ thì ra đường bla bla"", ""bản thân thừa sức mua NHƯNG bla bla""...tư tưởng lệch lạc lại được cái hung hăng tưởng thế là ngầu",1
"Xịt pẹ từ bao giờ đi bão ăn mừng lại có cái trò thổi kèn đinh tai nhức óc, âm lượng nó điếc tai ko khác gì còi xe container. Mẹ chả khác gì trăm chiếc container bấm còi dí sát vào tai, nghe muốn điên luôn. Lại còn có nhiều thằng vô ý thức cứ còi xe máy mà nhấn liên tục, bại não hay gì. Hồi xưa đi vui bao nhiêu, có gì mang đó xoong nồi chảo tha hồ mà khua , chủ yếu mọi người giao tiếp đùa giỡn,cùng nhau hát hò, đập tay lia lịa. Còn giờ là ô nhiễm tiếng ồn cmn luôn.Chắc mình già thật rồi :)))",1
"Ko phải ai đi bão cũng dân trí thấp
Nhưng dân trí thấp đều đi bão
Tự tông tự té tự ngủm
Chọn lọc tự nhiên mà ko cần yếu tố thiên nhiên lun 🤡🤡🤡",2
ấn có phong trào,0
Ngu nhất vẫn là những đứa là đàn bà đọc và khen hay,2
Sao giống ông thầy hồi dú trend lớp mệt xỉu cái bị vào sổ đầu bài v nhỉ?,0
Tao nghĩ mày nên ra ngoài đường cho người ta tát lại,1
"Tôi làm lễ tân khách sạn, các bạn không biết mấy đứa ấn nó khủng khiếp thế nào đâu. Bốc mùi, ồn ào, đòi hỏi nhiều cực kỳ. Book phòng thì hạng rẻ nhất nhưng đòi hỏi phải ngang với hạng cao nhất",1
Thật ra là mình cũng không muốn trả lời cái thắc mắc này của bạn đâu. Nhưng mà quan điểm của mình ha. Một người đã giỏi về cái tri thức tốt thì người ta sẽ biết cách làm sao để cải thiện ngoại hình của người ta. Còn nếu mà lấy lý do là như thế này như thế kia và mình giỏi thì đó là vẫn chưa tốt đâu. Nên là bạn đừng quan tâm lắm với người khác giới người ta nghĩ về bạn. Chỉ cần bạn đủ tốt thôi thì bạn sẽ thu hút những người tốt hơn.,0
"đéo ai cấm đi bão, nhưng đi bão thì lựa giải nào lớn hay quan trọng , hay những trận đấu thật sự nếu thắng là tự hào ấy? cái l mẹ cái trận đéo nào cũng bão, tụi m bị ngáo à?",1
"Mày con mày gặp xe 2 bánh, có ngày gặp 18 bánh",1
"Chớ có mà tin mấy cái phim Ấn Độ, chúng nó toàn xạo!",2
"Không riêng thủy tiên mà tất cả các ns khác nữa . Như hoài linh , đàm vĩnh hưng , trấn thành và các cá nhân khác có liên quân quyên góp đến từ thiện",0
dân mạng cái qq gì cũng dậy sóng,2
2:15 Những vấn đề xúc phạm nhau trên mạng diễn ra mỗi ngày luôn ý,0
Không phải phân biệt vùng miền. Chính bản thân tôi trải nghiệm. Ưu điểm của người Thanh Hóa là giỏi ngoại giao nhưng lại lấy ưu điểm đó đi lừa gạt anh em khác. Gọi chung là 10 người hết 6 7 8 người sống đểu. Do đa số người Thanh Hóa như vậy nên người khác mất thiện cảm.,2
"Trung Quốc đang xây dựng một khu quân sự chỉ cách Đà Nẵng 400km trên đảo Phú Lâm; máy bay ném bom sắp được triển khai ở đó. Đây mới là lực lượng thù địch thực sự, lũ + sản! Chu ko phai thế hệ gen Z như tui tao dau",1
Con này là 1 trong số những đứa gọi là tic toc ker tao ghét nhất.,1
"Ai ở bắc ninh, phú thọ sẽ biết độ đĩ điếm của bọn gái bắc như thế nào. Bọn bắc kì có nền văn hoá ngoại tình công sở cực cực kì cao, mấy con như NEU FTU nhìn có vẻ học thức v chứ chúng nó đi làm sgbb tình 1 đêm rất nhiều",2
Con này đứng đường ở đâu vậy anh em?,1
bọn tàu xấu tính một thì bọn ấn xấu tính 2,2
"Các bạn từ thành phố khác hay tỉnh khác lên HN ơi, các bạn có thể ngừng chê HN trước mặt dân HN không? Các bạn mà về quê bớt thì cũng phúc cho dân HN lắm đấy!",2
"""vài người thường ăn hải sản rồi lại chê bai mùi cá ao"" nghe mà thấm",0
"Aizzz tiếc cho BĐTX vì chọn quay lại.
Tiếc thêm nữa cho cả team nữa là cách chọn bài, tiết mục, chọn vibe thể hiện nó lệch quá so với mùa mới.
Dùng từ giá mà ""biết mình biết người"".",0
người việt ko bao giờ chê bánh mì,0
Tình trạng ở Nhật : Kỳ thị người Việt ở Nhật và khen Việt Nam khi đi du lịch,0
"Như muối bỏ biển
Kiến đá xe tăng
Lăng quăng chọi cá lóc.🗿",0
Nó đã bỏ chạy rồi còn cố dí theo nua,0
lại lên phường thôi,0
Không có biện pháp xử lý với tụi nó thì nó sẽ tiếp tục lợi dụng tài xế tiếp thôi.,0
"vl thật con này nó lấy cái tin từ 26/1 ra khè bọn đi bão, và lm như mình là 1 người có óc, m quy chụp những người đi bão là vô văn hoá thế là m ngu r con ạ 10h ms đi là do lúc đấy ms xong trận ơ chả lẽ ai cx phải đi trc à thua thì mấy thằng đi trc lại nhục, nch là cố tỏ ra mình là người có não nm đầu óc thì rỗng tếch đi quy chụp cả người văn minh lẫn người ko văn minh đi bão lại vs nhau, ngu đến thế là cùng🤣🤣🤣 à mà xong thì đừng chăn t nhá ko sợ m đọc xong nhục quá xoá vội😔",1
"Clm sao mà t ghét mấy người trẻ trâu đi bão vải loz phiền điên luôn. Đã t đi sớm 4 tiếng trước giờ bay nhưng kẹt xe do mng đi bão, tới vừa kịp đóng quầy check in chuyến của t luôn đm phiền điên trong khi ksan t ở cách sân bay 15p đi xe thôi đó🫠",1
Con này cho đi làm công việc công ích giữa trời nắng xong cho ăn bánh mì.,1
"Đù mạ , vào SG lúc đói khát mua ổ bánh mì Bà Huynh mà thử coi , âm b*nh
Bánh Mì là ngon nhất",1
Riêng mình ủng hộ em hs lớp 11 !,0
"Mùi mồ hôi của người châu Phi, Ấn độ rất... thối đó là sự thật",2
Hãy ra tiếp đi em đang like cho hihi,0
mịa. mới vào video tao ngồi lau cái màn hình quá trời lau.,0
"Ảnh nói nước mình nghèo nhưng hơi chảnh, khách ít tiền thì không welcome. Mấy nhóm này chuyên gia thôi miên, tụ tập mại dâm, cướp... thế mà 2026 thì 3 nhóm này không những đông du khách mà tham gia làm việc ở các nhà máy.",2
Bánh mì mà dành cho nghèo khổ đói khát thì mì gói rẻ hơn bánh mì chắc thành dành cho dân đen đáy xã hội,0
"Xong lại cứ tròn mắt nhìn, biết mình đẹp trai rồi, nhưng cũng k nhất thiết phải trừng con ngươi xong nước dãi giàn dụa như thế, mặc cái áo trắng cũng như khăn giấy thôi, lau qua cái mặt vs người đi, đi nhờ mà k biết giữ vệ sinh",0
Phụ nữ luôn có option là làm đĩ. Còn đàn ông thì hơi khó nên phải ráng cày và tiết kiệm hoặc chuyển hệ sang bê đê. Xưa giờ đều như vậy.,2
Nhưng Việt Nam xin work permit cũng ko dễ với t nghe nói là h báo cáo tình hình xnc của ng nc ngoài ko dễ đâu ấy. Camera chạy = cơm thì đông nên t chưa biết đám này trốn tnao dc,0
"bạn mới là người có vấn đề ấy, người ta là con trai ngại khi đông nghiệp nữ mặc váy ngắn, k dám cúi xuống, quá là lịch sự, và đứa nghĩ linh tinh vớ vẩn là bạn ấy.",1
phò mất trinh mọi lý lẽ đều vô nghĩa về mà tự hào kể bô mẹ mày đi. Ngụy biện cho sự dễ dãi của bản thân không làm mày gột rửa được tấm thân nhơ nhớp nhiều thằng lạm dụng làm đồ chơi.,2
"Mấy chị em phụ nữ bây giờ nữ quyền linh hoạt lắm. Sống chung thì đòi nam nữ bình đẳng, tao nấu ăn thì mày phải rửa bát. Còn lúc đi xem phim, đi bar, đi ăn uống, đi du lịch thì chả thấy nữ quyền - toàn là nam trả tiền hết. Cưới về xong cái bắt đầu nữ quyền nổi lên. Khôn nhất là gái hiện đại, cái gì cũng muốn có mà ko muốn bỏ ra gì hết",1
Cứ tivi có hình ảnh trấn thành hoài lình là tắt ko nói nhiều,0
"Tao ghét nhất mấy đứa rewiu đồ ăn mà chê nài chê kia lắm, gặp là t blook ngay",1
"Bọn m đừng có hở tí là đi bão nx dùm, phiền vãi cả chó ra 🫩🫩 đi làm đã mệt r còn hú hét thổi kèn inh ỏi thì bố thk nào chịu nổi. Bọn m chả khác j lũ khỉ xổng chuồng hết á. Đừng thể hiện cái dân trí thấp của mình r lại tự xưng là lòng yêu nước nồng nàn nx, xàm lol lắm. Thiếu loz j cách để cổ vũ mà cứ xổng ra đường làm phiền hà tới ngkhac làm cái đ j v? Hỏi thật đấy?",2
"Đó giờ có thích zem hài tt đâu,cả gia đình tôi chả có ai thích tt",0
Nó chỉ áng chừng thôi chứ làm gì có giao sau. Tốt nhất là lúc nào ăn bạn đặt đơn,0
1 con nhà quê đầy tham vọng,1
Haha bạn này nói đúng nhất này,0
"tụi nó ship thằng này với ông Quang Hùng gì đó, xong nhiều con vẫn mê vô bình luận đủ kiểu ck ơi ck e dễ thương quá. Tởm!",1
"gái VN đang ghê tởm, lấy bậy, lấy bạ tùm lum ở mọi nơi trên nhiều xứ. Gái VN không nên tin, mạnh tiếng lắm di, con khoe lộc",2
Quốc Võ phân tích bài nay rất hay!,0
Rất nhiều trường hợp vậy . Khả năng bọn này nó bàn nhau trước rồi.,0
Quá rồi,0
Kính thưa cán bộ,0
7:10 khả năng cái chú rủ là công an chìm nữa =)) ổng theo ở đó cả mấy tháng thì biết thành phần là ai rồi :v,0
trở lại chỗ cũ,0
ĐÁ XONG TRẬN NÀY 4 ĐỜI SAU THÁI DÚI CÒN BỊ ÁM ẢNH. PANSA NGUYỄN DẠY TUYỆT CHIÊU CHO MẤY CẦU THỦ KHÁC CỦA THÁI DÚI PHẢN LƯỚI NHÀ.,1
"Thực sự ác cảm về văn hoá Ấn Độ. Tôi từng làm với chuyên gia ngân hàng người Ấn. Họ giỏi, giàu có nhưng văn hoá ứng xử thì thật thảm hoạ. Thô lỗ, những chuyện rất nhỏ nhưng lại thích xé ra to, quát tháo ầm ĩ để tỏ ra thượng đẳng.",2
Phát tởm với bọn này,2
"Cũng tùy chỗ á, nhưng mà công nhận có nhiều chỗ tiêu cực lắm. Cứ bắt idol phải nt riêng với user, thậm chí còn mở cả lớp học sau giờ live về hướng dẫn cách thu phục đàn ông cơ.",0
mấy bác có nghe không,0
15 tuổi éo có nhận thức thì bao tuổi mới có cả con. Vả lại tao chê lgbt hồi nào vậy con chó đần,1
Lại gặp thêm th óc chó nữa,1
Ngừoi yêu cũ đang kiểu 2-3 bằng đại học... tự dưng lỡ đi date gặp trúng cái thằng phông bạt giả danh ngừoi làm doanh nghiệp rồi còn không có bằng đại học nữa. Tao không muốn kêu ai ngu nhưng mà thật sự IQ nó xúc phạm tới sự tồn tại của tao ở trên cõi đời này luôn ấ.,1
Chú huấn giờ thân thiết bảo quá nhờ :),0
Nói như vậy chắc người ấn độ không bị đau bao tử. Ăn dở ở bẩn ấn độ đứng thứ 2 không ai đứng số 1.,2
"chế độ 1 vợ 1 chồng , ma chả có biện pháp nào khắc chế đc 😅 giờ mà ở thời phong kiến trung quốc thì ko biết số lượng phụ nữ sẽ sụt giảm đến mức nào",1
Đi bão ❌ Đĩ báo ✅,1
địt cụ nửa đêm nửa hôm đéo cho ai ngủ còn đi làm à thổi kèn bấm còi hú hét ngoài đường như bọn rồ vô ý thức dcd,1
Bên mỹ ăn bánh mỳ vẫn giàu thôi con nhỏ này mất dậy bố đời bố láo con nhỏ này con 1 tỷ phú ko bằng,1
Tui ủng hộ cháu lớp 11,0
hạ hàng kiểm là xong,0
Nói đến dân thanh hóa là tao đã thấy buồn nôn rồi,2
"Bọn nó chỉ nhau đấy, nó đến tiệm mình xăm, bàn bạc giá cả các thứ oki hết rồi( dã trả giá rồi nhé) sau đến lúc tính tiền nó bảo nó còn bằng dấy thôi, cho nó xin lại một ít di taxi về. Quan trọng là có hai khứa AD khác cũng đến xăm( không phải chung nhóm) bọn nó dùng tiếng anh, chỉ mẹo cho nhau ngay trước mặt mình luôn mới ghê",0
"Đừng tiêu cực, cô ấy cũng là con người mà",0
Sao giáo viên cứ cười cười,0
Mấy con cá rô đồng,2
Hết đề tài để làm à ad?,0
Bọn ấn độ đi đâu ngta cũng khinh. Nhưng chỉ có VN là dám lên tiếng,2
sau 3 tiết toán đói kinh khủng muốn cái bánh mì còn chẳng có mà bà chê luôn mà,0
"Ông này nổi ngoài bắc vs Trường Giang nổi trong nam là 2 case tổ độ (or quý nhân độ) mạnh nhất. Ta nói eq thấp đến đáng sợ. Mà điểm chung là thích thể hiện, dạy đời ko ngừng. Coi ctrinh nào nhăn mặt ctrinh ấy. Xuân Bắc vs Trấn Thành lại là ngc lại",1
"xe lăn vlog k ""chân thật""",0
R giờ k biết ai mới chập nặng luôn :)),1
khách sạn trả hộ rồi cộng chi phí đi xe vào hóa đơn của ks .,1
Lại mục đích câu view rẻ tiền thôi. Cứ tẩy chay nó là xong.,1
ôg xe lăn vlog khóa coment r,1
sáng kiến hay,0
"Nó tư duy còi, chấp làm chi.",1
"lúc đầu thấy hối lỗi khóc lóc rồi tạm lánh t còn định tẩy trắng hộ nó, nhưng thấy về sau nó không rút được kinh nghiệm gì cả",1
"Topic Hàn: Túi quần nam thường đủ lớn để đựng điện thoại và ví mà vẫn còn dư chỗ. Vậy tại sao túi quần nữ lại nhỏ như vậy, thậm chí có khi còn không có? Chẳng lẽ chỉ đơn giản là quần áo nữ được thiết kế hơi bất tiện thôi sao?",0
one top,0
"c,a moi nó lên uống trà chưa vậy mn,tx có tiền an lê 30/4 rồi nha",0
Dân thanh hóa mà bạn chơi được vậy bạn chắc cũng giống bạn mình rồi. chứ ai dám chơi. chơi rồi hối hận muộn rồi,2
"Văn hóa bản địa là một cái gì đó rất hay từ thực phẩm cho đến văn hóa hay thập chí là nghệ thuật nó rất hay, mình làm nghề có liên quan đến nghệ thuật nên mình rất hiều dõ và tôn trọng về từng vùng miền trên thế giới",0
Vô duyên p gọi bằng cụ,1
"Đứa nào chê thì đảm bảo đầu k chịu nghĩ luôn, có dám chê quê mình k, biến về quê mà sống, cho bớt rác thủ đô, nơi này đông đúc bẩn thỉu do ý thức của ai... vừa muốn vừa chửi cái nơi mình đang bám víu, tiêu chuẩn kép thật",2
tư tưởng ngu lồn thì nín đi tr bố tổ thằng điên,1
chở thẳng ra công an. gặp tui bắt ở lại xe. chở ra công an,0
Thằng này bị bệnh não cá,1
"Thân hình đẹp , tâm hồn không trong sáng, lổn công cộng loại đàn bà này là loại bỏ đi không thương tiếc",1
chỉ khổ mẹ chị thoi,0
Trời. Giờ cao vậy hả các e. Mình học 2011-2015 có 106k 1 tín chỉ. 4 năm đại học hết 21 triệu tiền học phí,0
K Ấn là hủy...chở làm gì,0
"Bên Đức ngta còn cởi truồng ra biển nhưng có ai dám sàm sỡ, hiếp dâm không ? Nói vô văn hóa, không có học thì mấy đứa ngu lại tự ái",1
Thi ở VN bé dại dột lấy so sánh mình đứng trước vua Quang Trung. Cho đi thi quốc tế mọi người nghĩ nó sẽ so sánh nó với ai.,0
"Mình sống ở Đức, Ấn Độ vừa bẩn vừa mệt và sống thì bừa bãi",2
"gái miền tây là vậy, muốn ăn sung mặc sướng phải chịu thôi",2
"Bão 2018 là kí ức đẹp, bão từ 2026 trở đi là dịp thả cửa cho tụi cô hồn quậy phá 🙂 gây rối trật tự, bảng hiệu, cờ nhà người ta tụi nó lấy sau vứt đầy ngoài đường",1
Người ẤN ĐỘ họ có cái mùi tỏa ra từ mồ hôi nó hôi kinh hồn luôn,2
minh nhựt,0
Tôi cũng bị hiệu ứng dị ứng ng Ấn Độ. Chỉ cần thấy họ ngang qua là tôi né từ xa đi vòng luôn.,2
nay thấy mấy bài r,0
"đúng, k24 dạng có nhiêu chơi nhiêu, gần cuối mỗi bên đều ôm cho mình 1 nhà sản xuất âm nhạc như Sobin và Nam, như anh Đạt nói họ là gia vị cho nhạc hay hơn, thì qua k26 toàn là cổ máy sản xuất âm nhạc, chia đều mỗi team mà vẫn còn dư, thì mùa này đấu nhạc hay khắc nghiệt hơn, ko còn sân chơi chiêu trò hoa lá họe để BB phô diễn nữa. nên công 0 là sự lạc quẻ chút đỉnh. k24 phải đấu chuyên nghiệp hơn nếu ở trong sân chơi k26. mà hú hồn nha, nếu cho Nhà Thiếu Nhi chơi mùa này là phản tác dụng.!!!",0
"Ngoài bắc đi làm cty rồi xuat khẩu lao động gửi con về quê khổ chết mẹ.tiền vay ngân hàng về xay nhà cả đời trả nợ,nhiều người còn ko biết ngoài tỉnh thế nào.người nam họ làm viec rất nhàn và giỏi tư duy đổi mới nên họ ko cần đi đâu,người nam ăn nhậu du lich khắp nơi",2
"Lâu lắm mới thấy clip của chú, vẫn hay và mang nhiều bài học cuộc sống như những clip khác, cảm ơn chú và chúc chú sớm khoẻ lại để ra tiếp clip mới.",0
tôi là phụ huynh,0
Nếu không bỏ được chồng thì cho con nó về ở với bố nó giùm haha:)) mấy con mẹ ham cu nên giở giọng động viên =))) rõ ràng đang có mối nguy cho con mình,1
đất nước dơ bẩn,2
Nhìn zai ấn độ cứ bẩn bẩn sao đó dù outfit đắt tiền,2
"ép vừa thôi bây ơi,ép nhiều bả trầm cảm r 44,rồi quay mặt tội này kia hả",0
"người indo cũng vậy, hôi thì hôi khủng khiếp luôn",2
"Thề luôn, tôi sợ đi xe công nghệ lắm, nhiều khi đợi khách lâu thì mk đều bỏ qua. Tới lúc khách tới rồi mk ko kịp chạy ra thì nói mk như con ý",0
Xàm lol vc bài này khc del j 3/???,1
Mình ko bênh con Kiều Thanh kia nhưng con Tâm đấy mượn gió bẻ măng lên chữi cả chính quyền VN đang hỗ trợ nó thì t cũng ko thể ủng hộ đc! Anh em cứ lên trang con này chửi ĐCS quá trời clip luôn nhé!,1
1 bải cức 1 bầy bay vô bóc hủi rồi nói nó thúi,1
"""các em ơi các em lớn rồi""",0
Love trọng tài,0
khi nào sao hỏa sống được thì đuổi hết bọn này lên đó đi,2
"Tôi hay xem clip kênh, tôi cũng theo dõi ATVNCG từ 2024 đến nay, tôi nghĩ kênh không nên làm content này nếu không thật sự chuyên. Gần đây kênh dựng nội dung xài AI đã khá tệ rồi, lĩnh vực mình không chuyên thì xài nội dung AI tạo nó còn tệ hơn nhiều nữa.",0
"Khổ thân Erik, chắc cũng không ngờ hiệu ứng khi tham gia chương trình lại kéo theo làn sóng tiêu cực to đùng. Nhiều xì trây toxic lấy cớ ""môi trường quân đội phải thế này thế kia"" để hợp thức hóa sự kỳ thị tăng sự thù ghét",0
cái drama với miu lê hay dị mà hông nhắc tới dị,0
"Theo dòng chuppy. Quan điểm của 1 thằng đàn ông như t thì chỉ có 1 là béo vl 2 là ko béo, chứ chuppy là cái đ* gì??? Toàn mấy má béo nhưng đ* biết phấn đấu để thay đổi bản thân, thà cứ im mẹ đi lại còn tự vẽ ra từ chuppy gắn lên cái thân thể ko khác gì nai héo",1
"Ôi đàn bà là những niềm đau.lòng dạ đàn bà,nguy hiểm nhất,tàn độc nhất,là lòng dạ đàn bà.kinh",2
"t ở canada và đã từng đi nhiều nước, người dân ở đây phải nói là lịch sự hoà đồng nhất thế giới vậy mà họ cũng không chịu nổi bọn ấn độ",2
Bọn mọi rợ. Mê tín dị đoan,2
Chắc không phải vụ thanh hóa rồi vì mùa hè mà sao các em toàn mặc áo ấm,0
"Đối với tôi: ô tô là TIÊU SẢN chứ không phải là Tài Sản. VC tôi đủ điều kiện mua ô tô (2 tỏi)mà không cần trả góp. Tuy nhiên nhu cầu SD xe không nhiều thành ra đi đâu thì VC thuê xe DV, xong về khỏi lo rửa xe. Tiền thì để mua đất, vàng để sau này cho con và dưỡng già. Nhà thì cũng không cần to, con cái thì sau này nó tự xây mà ở. (Dân Bến Tre).",0
ở trường t cũng có 1 trường hợp . cô t đi thẳng lên phòng hiệu trưởng khỏi nói nhìu,0
"éo chạy đc đâu, phải tao vả cái đầu tao ngất rồi cm ơii🙂 mẹo mấy thằng trời đánh, éo đánh đc ai đi đánh ny mình. Hãm l",1
"mới luôn anh oi, dang đem xe đi thẩm định báo giá thiệt hại, còn anh đang nằm viện để giám định thương tích lun",0
"chắc chắn đéo phải cái lũ dị hợm, cái lũ mà vào bất kì cái mall nào, bất kì chỗ public places, họ sẽ nhìn m với cái ánh mắt đánh giá. trong mắt t thì đến con chó cảnh nó còn được respect hơn là 1 đứa gay",2
r chê quê cno xem cno giãy mẹ lên ko ở đấy mà chê chê clg? chê thì về nhà mà ở,1
sợ con người thiệt.,0
"Luật sư đại diện cho cô bé nạn nhân nên thu thập tất cả những bằng chứng vu khống, xúc phạm, bôi nhọ như thế để làm luôn một lần cho những kẻ này một bài học nhớ đời về xúc phạm nhân phẩm người khác.",0
Tao ghét nhất cái bọn xuất phát bình thường ngoi lên có tí tiền tỏ vẻ mình giàu,1
"toàn bọn vô ý thức đi thì lạng lách đánh võng xong gây tai nạn làm ảnh hưởng người xung quanh, ô nhiễm xã hội vcđ",1
"hồi đó cứ nói thẳng đàn ông ngoại tình, bây giờ đàn bà ngoại tình đầy ra, ăn mặc đẹp khoe xe đẹp chảnh chọe quá mà",2
người trẻ miền Bắc chắc trong đầu toàn nước cốt dừa nên mới nghĩ vậy,1
"Lương sv thì thấp, đi học thì kêu các em tự học, rồi học phí thu 2 mấy tr:)))",0
Đúng là bằng mua nó khác vì nó phát ngôn biết là ngu rồi,1
Ăn cứt xong ăn đồ ngon không quen rồi chê,1
Tây nguyên cũng ghét dân bắc,1
"Bạn làm video về ap Youtube đi có nhiều người chê bị lỗi,tui cũng vậy hiện đang xài trang web Youtube trong google để xem được không phải trong Ap Youtube vì hiện tại bị lỗi máy chủ không chỉ riêng tui mấy người hàng xóm điều bị thế",0
địt mẹ mày mày óc chó vãi l,1
"Còn lũ bê đê nhìn cách ăn mặc/cư xử ẻo lả là biết ngay, toàn chơi với gái và đi nói xấu đàn ông. Cái đm trong công ty tới 8/3 chúng nó cũng đòi quà nữa. mấy thằng bê đê phải xử bắn hết",2
"content bẩn nhất tóp tóp gọi tên""cogaicorau""",1
"thanh hóa xấu tính thật, tôi đã từng chơi với 1 người bạn ở thanh hóa, trong khi không làm theo ý nó thì bị nó chửi như chó",2
"Trời ơi tha cho người ta đi , cũng là ngừoi với nhau mà sao vậy trời.",0
"Quá khốn nạn, thế này thì tan nát hết gia đình người khác, cô con dâu quá khốn nạn",1
"ở đâu cũng có nguời này nguời kia, nhưng ngoài vĩ tuyến thấy toàn nguời kia kkkk",1
"Tội nghiệp nhỏ đó ghê, người đẹp mà bị khờ",1
"thấy tụi Ấn Độ tui chạy mất dép. Chúng nó bẩn từ thể xác cho đến tâm hồn, mình từng làm việc với một nhóm người Ấn tưởng những người có học thức nhưng rồi sau 3 tháng tôi không thể chịu nổi nữa làm đơn chuyển vị trí. tui tởm tới giờ",2
khi m quá trẻ để làm bố báo bố báo con =)),0
"con gái không lăng nhăng, dàn ông không thương",2
ảo tưởng quyền lực cả ý mà mới có tí fan hâm mộ đã nghĩ mình đứng trên đỉnh chuỗi thức ăn,0
Khốn nạn thật cần tập hợp lại chống cái bất công này,1
Cái lon gì cũng GenZ nhưng lãnh đạo thì toàn thằng già đầu,1
Finally bee của chúng ta đã nói về cái này r:],0
"PHÂN BIỆT VÙNG MIỀN
2 Ông cố nội này lại mua nước quán tui ( 2ly nước 20k)
Tui kêu dạ hai mươi ( ông ngồi sau nói lên MÀY DÂN BẮC K* hả , hai chục không hay gi mày hai mươi) ""Mặc dù tui không phải người Bắc nhưng tui vẫn trả lời ""Dạ Sao cũng được ông""
Vậy mà nó nhai trong họng nó Đụ mẹ bắc k* tui hỏi lại ông nói cái gì nó cứ nhai riết t nói coa ngày gặp thằng nào nóng nó dọng cho chet mẹ thứ gi đâu không
Già mà deo có cái nết na gi",2
"Góc thắc mắc: tại sao 1 số bạn nữ lại thần thánh trai bắc đến vậy, cụ thể là Hanoi?",0
Không sin loi giang ho no jet may. Tinh tuong,1
"Nếu là vợ tao, mùng 2 nhà nó có đám tập thể rồi",1
"vấn đề này liên quan gì nữ quyền nhỉ? cái này là bất đồng giới mà, đừng có cgi cũng lôi nữ quyền dùm mẹ, sau chịu khó tìm hiểu tí k mang tiếng thùng rỗng kêu to",1
Và đầy tính phô diễn. Chẳng ai có nhu cầu xem một lời chúc của m cả luôn á. Đăng lên chỉ để thoả mãn bản thân rằng mình thật là tốt đẹp :)),1
má t cười chết r,0
"Cho họ về quê hương họ ngay, ở đây lại sắp ra thế hệ sau lai phi đó nguy hiểm lắm",2
Dăm ba đứa nổi tiếng ko nhờ não thì chịu...mạc hạn mà cứ tưởng mình là idol,1
Dân ấn Độ và dân châu phi đều có mùi khét,2
Hà Nội cần cấm bọn nhà quê phá phách bẩn thỉu vô học. Tiếc là luật pháp không cho phép cấm hẳn nhưng những thay đổi như dẹp hàng quán vỉa hè là khởi đầu tốt để chặn đường sống của lũ mọi rợ. Dần chúng nó sẽ phải cút hết,2
Này nghe có lý này mấy pa,0
bao nhiu sự cố gắng chỉ vì những phát ngôn k được hay mà bị như v tội c thật ấyy,0
nó còn lừa đảo scam vé concert ai bị nó lừa scam vé k ạ?,0
Làm nhớ lại vụ bánh mì không phải là thực phẩm ở Nha Trang thời dịch.,0
"Gọi t khi nào mấy thứ giáo điều rẻ rách đưa văn hóa VN lên tầm thế giới nhé, chắc đến lúc xuống lỗ cũng chưa thấy đâu",1
"Nói 1 đằng chả lời 1 nẻo, mày bảo uống rượu bia là ếch. Tư duy được như người ta mà nói xong k rượu bia k bằng đàn bà, nghe nó ngu thì ăn chửi là ngu có sai không?",1
"Sóng sau dập sóng trước
Drama sau hot hơn drama trước
Xem lại mới thấy nhiều phốt quên thật :)))",0
Thái dúi nó hằn học,1
Bố chúng mày diễn ngu như lũ chủng súc vật india,2
"Chồng là người theo đạo Công Giáo, vợ không theo tôn giáo.
Hai vợ chồng đã cố gắng vượt qua rào cản tôn giáo để đến với nhau nhưng khi có con.
Chồng muốn cho con theo đạo Công Giáo nhưng vợ không đồng ý.
Mâu thuẫn dẫn đến việc hai vợ chồng lựa chọn ly hôn, tranh chấp nuôi con.",0
"Mấy ngày nay, tôi nhận về không ít gạch đá chỉ vì đồng tình với một ý: 'Bánh mì gắn liền với cảm giác đói khát, vất vả'. Nhiều người nhân danh 'món ăn quốc dân', nhân danh niềm tự hào ẩm thực để công kích, cho rằng suy nghĩ đó là lệch lạc, là chê bai ẩm thực nước nhà. Nhưng các bạn đang nhầm lẫn tai hại giữa hai thứ: Giá trị khách quan của một món ăn và Trải nghiệm chủ quan của một cá nhân.
Trước hết, chúng ta cần sòng phẳng với nhau: Đã gọi là trải nghiệm và suy nghĩ cá nhân thì không có đúng hay sai. Bạn không thể dùng thước đo của bạn để định giá ký ức của người khác.
Cô TikToker kia bị chỉ trích là xứng đáng, vì thái độ miệt thị, bĩu môi chê bai món ăn một cách trịch thượng. Thái độ đó là sai. Nhưng bản chất của sự liên tưởng – xem bánh mì là thức ăn của lúc khốn khó – thì không sai.",1
"ny t cả trăm kg t vẫn yêu nhưng nói thật nha, cậu nên giảm cân đi nhé, vì để vậy k tốt cho sk chút nào. Cái này là t khuyên thật chứ k toxic gì đâu nè",0
cho mình kiên làm hh là hợp :)),0
Ê mé chắc hông? Gái nam kỳ thị trai bắc ấy,1
"Thật đấy, Bạn nói chuẩn đấy (nếu nó đúng). Đất nước mình một số người tưởng là genz phản động 1 thì 3 que, phổng đạn lại gán luôn là genz phản động 10 (dù chả phải nước của chúng nó",1
"Bánh mì Việt Nam là biểu tượng của sự giao thoa văn hóa giữa Pháp và Việt Nam. Không chỉ là món ăn tiện lợi, quen thuộc hằng ngày, bánh mì còn đại diện cho ẩm thực Việt trên thế giới và gắn liền với nhiều kỷ niệm giản dị của người dân.
Việc xúc phạm bánh mì Việt Nam không chỉ là xúc phạm ẩm thực mà là xúc phạm cả văn hóa và lịch sử của dân tộc",0
"Suneo: "" Tội nghiệp con nhỏ đó ghê á, người đẹp mà bị khờ kìa"":))",1
Đi ra sân bay lúc nào cũng có vấn đề với mấy ông bà bắc về việc xếp hàng,2
Đuổi hết những kẻ không có lương tâm đạo đức nghề y,0
"rõ gàng giới công nghệ xem thg hiếu như thằng lỏ cặk , có mấy thg Genz mới tung hô nó chứ ai mà tung ,",1
"Thích bài bình luận này, đúng ý mình",0
"Đúng :))) cái đ gì cũng đổ tội tại người bị hại = )))) “nó phải như nào thằng kia mới vậy?”. Đèo mẹ, văn minh tiên tiến cho lắm vào xong vẫn giữ cái tư duy thiển cận ấy",1
dm trông hentai biến thái súc vật,1
trc khi đi đập đt đi ck ơi,0
Bữa giải Futsal sai cờ Việt Nam phải dẫn nguyên ban bệ qua xin lỗi rồi mà giờ chưa chừa,0
"Chuẩn luôn, ước gì lũ bò đó hiểu. Nhưng t nghĩ là giải thích chúng nó cũng đ' hiểu đâu.",1
Ae mình cứ gia trưởng đi! tụi nào mà thể hiện nữ quyền ghét gia trưởng là đám đó lại thích đàn ông gia trưởng nhất! Con ghẹ ta0 thể hiện nữ quyền tao vả cho giờ hết dám bật,2
Vụ những NS làm từ thiện ko làm rõ cho người hiểu đúng sai vậy người dân ko phục đâu có phải có vì ẩn phất ko,0
"Ấn Độ nó hôi từ trong ruột gan ra nên mồ hôi qua da nó rất kinh dị, người thường ấn độ ko có tiền đi máy bay đâu",2
anh làm về Animator Meawbahh đi con này nó bị điên hay nó cố tình bị ghét .Animation thì đẹp và dễ thương nhưng suy nghĩ con nhỏ này rất cực đoan,1
"Coi như bỏ qua mấy vấn đề lỗi văn bản, địa giới hành chính trước và sau sáp nhập này kia đi, thì có một việc thắc mắc là: một người đàn ông trung niên vừa trải qua tai nạn kinh hoàng như thế chỉ trong thời gian ngắn có kịp hồi phục cả sức khoẻ lẫn tinh thần để đánh máy tờ bãi nại dài như cái sớ thế này không nhỉ?",0
Ditme 1 số thành phần bạn bè mà như con chó cái đéo gì cũng hỏi cho lắm vào ( sợ của mình làm chưa hoàn hảo ) xong đ biết mở mồm hay nhắn 1 câu cảm ơn. ( Seen tin nhắn cái con mẹ mày ),1
Giang có chạm vào tiền đạo Malaisia đâu mà phạt không biết nữa,0
"Ngày nào đi học sáng t cũng ăn, ăn nhiều quá ngán lắm rồi=))",0
"“Không có gì đâu cháu, cô vẫn thường đi tài trợ cho những người nghèo mà cháu” khiếp quả móc mỉa này thì thôi chúc mừng em đã qua một kiếp nạn, về làm dâu thì e vuốt mặt k kịp",0
"Đúng bọn người nổi tiếng, chúng nó kiếm tiền dễ thật, mà đã dễ vậy mà chúng nó lại còn hàng giả cho chính người Việt",1
Quái kiệt mộng mơ mới có tiết mục Vỡ tan chỉ đứg hát đi qua lại sân khấu ko nhảy múa trình diễn gì nhiều nhé,0
"Cặc lồn đú sanh ra, gia đình ngu sanh ra, tà trị gia sanh ra, showbiz dơ sanh ra chứ tạo hóa nào sanh ra",2
Chính cách sống chúng mày mà đi đâu người miền trong họ cũng không ưa. Họ kỳ thì thậm chí khi hỏi đường họ không thèm chỉ vì nghe giọng nói.,2
T tức cái đoạn nhè ra t gét vc,0
"Nhìn mấy con này thì mong chờ gì nó có não b ơi, nhìn là ra cái kiểu ngu bầy đàn rồi",1
Nậu xớ sao vay dc thêm nhỉ,0
Ủa tưởng bả bị nói là nghỉ chơi vì sợ dính drm hay scandal vs bà thl gì mà kp hả,0
Bon nghê sĩ ăn chăn quá nhiều tiền từ thiên mà ko bi sao thế mới hay,2
Luật nhân quả gì bạn ơi đó là chuyện tâm lĩnh mình tin nhưng những người đó họ có hiểu đâu vì họ là hang người mì ăn liền có là ăn kô cần nấu chỉ có pH nói lên thì người dân mình mới biết và nghe chớ kô thì thôi có biết mẹ gì đâu thôi chờ đến mùa mít thôi,0
Mình ủng hộ cháu học sinh lớp 11,0
dúng thôi. k thích thì tắt,0
nó ngủ được với 7 thằng/1 tuần thì chẳng có việc gì trong lúc nó quen m nó chán m nó đi đụ thằng khác là việc dễ đoán. tỉnh táo lên em,1
A hùng nguyễn văn bảy... học bảy ngày bảy lớp còn đc... thì khầy không có bằng tốt nghiệp cấp 3 là bình thường... vì khầy có bằng tiến sĩ là đc...,1
"Cái thể loại con gái như này,sống cũng phí cuộc đời",1
mình ủng hộ Em học Sinh lớp 11,0
"Mở mồm ra yêu nước vậy chứ lúc nghĩa vụ QS thì trốn, toàn gây ô nhiễm tiếng ồn, mất trật tự, thể hiện thôi chứ yêu chỗ nào... Gây tai nạn thì chạy mất hút, trộm cờ còn chưa nói đây chạy lạng lách đánh võng hò reo????? ý thức văn hoá thì thật sự đéoo phải ai cũng có",1
gọi công an vào để chúng nó thành thói quen,0
"bro nói như kiểu việc tự nhận bản thân là phụ nữ (dù bề ngoài là 1 ông chú U60 béo mập hôi hám) rồi vô nhà vệ sinh nữ là hợp lí ấy. Hơn nữa, con này 15 chứ có phải 19-20 đâu mà nhận thức được hả?",2
"Đồ ăn Ấn Độ phải nói là tệ nhất thế giới, toàn tinh bột với gia vị chứ chả có thịt cá gì lại dơ bẩn nữa chứ ngon gì",2
ủng hộ nam sinh lớp 11 nhé,0
trên đời nầy đàn bà họ chỉ sông gì tiền và trải nghiệm mà thôi chứ yêu thương gì,2
Có khi nào tụi nó truyền tay nhau là taxi ở Việt Nam được miễn phí .,0
"Mặt nam gọi anh đr,mặt ctrai gọi chị?",0
"không phải mình tốt đẹp gì hơn nhưng quả thật giờ đi đến đâu thấy Ấn Độ là tui tuột mood. Chen lấn, xô đẩy là đặc sản số 1 của đa phần người Ấn. Họ làm điều này một cách rất thản nhiên mà không hề biết ái ngại",2
"Sống sao cho vừa hết lòng người, chúc Trang Pháp cứ khoẻ mạnh và tự tin trình diễn là chính cô ấy, cứ thoải mái show cá tính, sở thích và hạnh phúc của cô ấy trên sân khấu hết mình thôi.",0
Hiền lương xin lỗi rồi mà tui ngĩ ae ko nên bỏ qua,0
Xem Nờ Ô Nô có ngày thối não,1
"T chỉ sợ gay quá lố Cũng như les quá lố. Làm t ớn và khó chịu. Cũng như les quá lố, nó sẽ cố bắt chước cho giống con trai, khiến nó ăn nói rất là vô duyên.",1
nma để TT đi tốt hơn chứ nhỉ Ý Nhi cần bồi dưỡng,0
"Cmt bị sao ý nhỉ? Với t như này là lịch sự. T thà thấy có người nói vậy còn hơn tự nhiên thấy 1 tên đàn ông ctrai cúi xuống, không biết ý đồ gì.",0
K biết chú đó sẽ bị gì mà lại cay như thế? Anh em nào chạy xanh sm có thể cho biết chú đó bị hậu quả gì k :)),0
"Hoan hô! Bạn đã thay đổi tư duy sai lầm của người ta bằng tư duy sai lầm của bạn! Trong chế độ phụ hệ nhấn mạnh vai trò thống trị của người cha về cả quyền lực lẫn kinh tế thì tôi chả thấy cái bóng dáng nào về quyền được đỏi hỏi của nữ giới cả. Không biết đã có tình yêu hay chưa nhưng theo tôi nên nhìn nó theo góc nhìn giá trị (thô thiển) rằng a đến với tôi mà a không mang đến cho tôi được giá trị, lợi ích vật chất thì a cúc!",1
Ước gì ấn độ chỉ 300 triệu dân thôi cho trái đất trong lành.,2
"Bác Hồ đã từng có một câu thơ về Bắc Nam trong một dịp chúc tết:
""Bắc Nam như cội với cành
Anh em ruột thịt đấu tranh một lòng
Rồi đây thống nhất thành công
Bắc Nam ta lại vui chung một nhà
Mấy lời thân ái nôm na
Vừa là kêu gọi vừa là mừng xuân""",0
"Cậu có thêm lời ko đó, chỉ mới đêm hôm quá mà ngồi tại VN mà biết nhiều điều tại đất Thái ???",1
Trong khi người giàu người nghèo đều đang nhai bánh mì thì hề lương lại đang nhai xít =)),2
"Th này chưa gặp tao chứ không, kể cả chạy vào nhà tao đuổi theo tao xử đẹp",1
"Nhỏ bị người ta ghét là vì nhỏ không có não, bởi vì không có não cho nên mới nói những lời nói như thế",1
Không thể nào so với ấn được đâu bạn. Brand về hôi hám thì dân Ấn là trùm,2
Tao nhìn bọn chúng bốc cơm ăn tao thấy oẹ mẹ ra. khiếp,2
"thấy đánh đòn tâm lí chúng tôi vẫn đứng ở đấy, có anh doạ bảo các em đặt hoa đấy = vứt rác nơi công cộng, sẽ bị phạt hành chính (~1tr5). và anh nhấn mạnh là: ĐỐI VỚI ANH HOA NÀY CŨNG TÍNH LÀ RÁC THÔI =)))))",0
Do bọn quan chức k làm luật mấy cái này chứ.,0
đâu ra món sườn với thịt kho tàu có mỡ v,0
ghét nhất mấy cái kiểu dùng tôn giáo để trói buộc ngkh =))))),0
Tổng tài kêu thôi nè,0
Không phải chê bai gì nhưng mùi cơ thể của người Ấn độ ngửi phải thì nôn mửa luôn,2
tôi xem video có tiếng rồi phải nói nể bác tài cái đầu lạnh,0
Clm ô chủ tus cmt dài thế :v,1
k xem thì bỏ qua t thấy bthuong mà,0
"Địt mẹ bão bủng cái lồn gì???
11h đêm cấm đường đéo cho về??? Thần kinh à",1
Thương cái gì không biết biết gì cũng biết không biết điều bằng này tuổi đầu mà ăn nói không suy nghĩ thế đừng dổ cho tuổi trẻ,0
ngta làm ra chương trình live show để xem nếu bạn thấy ko hợp có thể tắt TV hoặc đổi kênh khác mà xem,0
Giờ này còn xem mấy con điên review cái mõm nhồm nhoàm thì cũng nể 3tr ng coi đó,1
trên tình bạn dưới tình iu,0
tôi đồng ý và sự thật là các con vợ đi combat về cái vấn đề đó hầu như không giỏi lịch sử hay thực sự tìm hiểu về nó một cách nghiêm túc đến thế :]]],1
"Bao nhiêu ngày ko sao, một hôm đi bão mà lắm chuyện... T thấy rất là dắt mấy con bò nhé",1
"Câu kế tiếp là Vẻ đẹp này sẽ là nô lệ, súc vật, máy búc kuu, máy clean ball và là con xéc doll của các anh bỏ tiền ra nhiều. Lên mạng gặp mấy cái này tụt hứng đàn ông",2
Bắt đầu giống mấy con phò tây phò tàu ảo tưởng lấy chồng giàu rồi đó. Loại này đéo dẹp nó lại lây lan như virus,2
Chính ra bé này mới khó tính khó ở,0
"Hồi đó hot vụ Phương Oanh, ko biết phát ngôn này của Tự Long có thật ko...",0
Mấy thg nào vào chửi cx ấm đầu thật:))sự đồng cảm của cmay yếu kém đến v,1
"Tôi đã có thời gian làm việc cùng vài người ấn độ nên tôi biết, mùi cơ thể họ nặng mùi lắm luôn, nhìn họ ăn uống mà bảo ăn cùng họ chắc chắn người can đảm nhất cũng không dám, họ ở bẩn vào phòng của họ thì không thể chấp nhận được, bừa bộn hôi hám ướt át bẩn lắm",2
"chứng thực q12 sầm uất, an ninh, tiện lợi, mắc gì phân biệt",0
"Tổ xư, t cũng là ng phải tính toán chi li. Vì kinh tế t nó cũng k rực rỡ gì. Cơ mà 18 19k t cũng toàn trả cả 20k. Có khả năng thế nên là t mới nghèo :))
Mua hàng bảo chọn hộ, ko ngon lần sau t mua hàng bên cạnh, hoặc bán đắt t cũng mua hàng bên cạnh luôn cho tức chơi.
Xởi lởi zời cho.
Ki bo thì zời co lại.",0
ê hình như cái tập này có drama gì á cái con mèo á,0
"Sau khi nghe con lươn đó nói bánh mì dở, tôi đã phải chạy qua làm 1 ổ ngon vcc",1
Ôi trời ơi khổ thế nó lừa đảo bao nhiêu người rồi ý cả ng quen họ hàng cô giáo dậy neu,0
Không chê vào đâu được chỉnh chu từng chi tiết luôn,0
Nhập khẩu nhân công nó 9 bữa 10 ngày nó quậy cho banh chành thì mệt nữa. Đừng có nghĩ đơn giản như vậy bạn ơi,1
"Hi quỳnh lương, việc em cap màn hình mà để nguyên tên page cá nhân của chị, đã chứng tỏ sự thấp kém, mọi rợ của em rồi. Nhưng từ hôm qua, chị không ý kiến và cam kết sẽ không xóa tất cả các threads liên quan; em và cộng đồng của em cứ thoải mái ""tấn công"" chị 😁 nếu điều đó giúp các em thỏa mãn sự hằn học, vô lương, thấp kém của các em: Chị rất welcome 🍀 Chúc các con em, em cùng gia đình luôn mạnh khỏe, sớm tiến hóa thành người 😘",1
"gốc Bắc Kỳ là 100% Hán Nô và đám dân tộc Bách Việt đã bị Hán hóa gần như hoàn toàn, còn nếu chưa đồng hóa hết thì giống bọn dân tộc Tây Bắc ở nhà sàn mặc đồ thổ cẩm và đặc biệt rất thích ăn Pịa",2
"Nhân cái chuyện giới trẻ nín đẻ và viễn cảnh tương lai khi không có đủ lao động, tao kể tụi mày nghe chuyện này. 2016 tau được học 1 khóa An ninh du lịch trong lĩnh vực Xuất nhập cảnh, giảng viên là Phó cục trưởng cục QLXNP. Ảnh nói chủ trương của VN là hạn chế 3 nhóm du khách 1. Châu Phi 2.Hồi giáo nghèo 3. Ấn độ nghèo. Vì ba các nhóm này qua VN cực kỳ phức tạp, tỉ lệ phạm tội cao và toàn ở lại bất hợp pháp , CA rất vất vả mà ko làm gì được.",2
Tâm t ác t thấy tội bạn này,0
thầy dùng ẩn danh mà mấy đứa,0
"Cứ cãi là cty nào cũng nợ đi. Gớm tầm này năm ngoái nó lên đến 8 trăm mấy vẫn bảo bình thường, h nó tăng trưởng lên cụ 1tr rồi. Ae cứ cbi tinh thần làm lụng mà cứu chaebol nhé, cuối năm tích cóp làm con xe điện giải cứu con tin",0
"Cơ mà du lịch VN ko hấp dẫn mấy vs bọn lắm tiền hay tier cao bên Tây nhỉ, có vẻ qua đây phần nhiều vẫn là đám Tây balo vs Ấn trung lưu đổ lại. Có ai có nghiên cứu cái này cho xin",0
Mẹ mấy người đang ở yên cũng dính đạn bọn này vô ý thức vxl,1
"ê thiệt, nãy đọc mấy bài đó khắm vãi, t rất vui khi VN thắng luôn, tụi nó như có cái cớ được ra đường, làm loạn hết cả lên, làm ảnh hưởng người khác mà kêu văn hóa",1
Ăn bốc thì vẫn là đang sống ở thời kỳ đồ cổ,1
"Mấy ng công giáo có thể gom về 1 đảo hú hí vs nhau dc ko, phiền xh thật ấy",2
cái t quan tâm là có lên đồn uống trà chưa ấy,0
"coi Cô còn băng vệ sinh không, ban phụ huynh cần hỗ trợ ngay cho Cô nhé, quần sịp Cô có bị rách không cũng phải mua thêm cho Cô chục cái đề phòng hờ",1
Muốn đi nhanh thì thuê xe rồng,0
"T đi công tác ấn độ mới biết thật sự là ác mộng, biến thái, bẩn thỉu, không có ý thức, tác phong",2
"Làm t nhớ có quả truyện sếch có cảnh nvat mang áo dài, thế là bị tế tung l vì “dám đem quốc phục vào truyện đồi truỵ”🫩 idek sao phải phải ứng như thể tụi nó chưa bh đọc mấy quả truyện nvat mang sườn xám TQ, kimono NB sếch tung l v. Với cả truyện đấy t nhớ còn ko vẽ sai về áo dài, tsb cái áo dài cách tân của lũ pháp vốn để “tôn vinh đường cong phái đẹp” nghe thôi đã sexualize vl rồi mà còn phải sợ nó bị tduc hoá🫩🥀✌️",1
Video chú làm rất ý nghĩa cũng như đúng thực trạng bây giờ. Mong chú giữ gìn sức khoẻ ạ,0
"Mẹ nào con nấy.....hãm cả đôi, may cho bạn, chứa vớ vào chưa là gì mà bị nói nặng nhẹ rồi",1
ôi mấy đứa kia ghen ăn tức ở kh dc như ta cái lỡ sai nó kh cho ta con đường sống lun trs chả khác j giết người gián tiếp đúng là mấy đứa rắn độc,1
"Vợ đẹp, con ngoan,chức quyền, danh tiếng, sự nghiệp = lén lút ngoại tình = chúc mừng ô, ô vừa đánh mất tất cả: liệu có đáng không",0
"hoan hô kênh, tôi chơi với dân hà nội, chúng nó còn khôn vặt hơn dân thanh hoá nhiều, không bao giờ chi tiền trong cuộc chơi",2
cái việc kỳ thị ng học gdtx sẽ tồn tại mãi và không bao giờ hết =))) nó là cái tư tưởng rồi,0
Từ cái thứ lúc mà vụ chê bánh mì này thì mình mới biết đến cô gái này trước thì không cũng chưa từng xem clip nào của cô gái này,0
Ấm độ là một đất nước có màu da xỉn màu xấu xí phong tục ăn bốc rất mọi rợ,2
"t thấy lgbt bình thường mà, kì thị làm gì",0
"man rợ, mọi rợ",2
gòi lun. giờ blhđ k chỉ riêng cho học sinh nữa,0
"tự do tôn giáo ai cũng có nhưng mà bạn sinh ra là người Công giáo, là bạn có đặc ân rồi mà ko biết trân trọng, còn lên đây viết ntn thì mình cũng chịu , có thể bạn còn ít tuổi chưa ngẫm nghĩ được nhiều nên sẽ thấy bị ép buộc",0
Mh người mN nghĩ Khuê ơi em bị não á,1
"Nhiều phụ nữ ngộ nhận lắm. Ưng cái người vô tâm, hời hợt lắm lun. Ko có 1 chút gì gọi là tinh tế với vợ nhưng với phụ nữ khác thì có. Đối xử với vợ còn thua 1 thằng bạn nữa. Người ngoài ai nhìn vào cũng thấy rõ. Mà họ cứ thanh minh thanh nga khô khan vậy chứ ảnh thể hiện tình cảm theo kiểu khác, cũng thương vợ lắm . Sự thật là những người phụ nữ đó họ quen với cách cư xử đó, họ cần người đàn ông hơn vì sợ cô đơn, sợ ko có người đồng hành.",0
Thằng Rock Gear hết kỳ thị LGBT giờ đổi sân chơi rồi à,1
đau quá,0
"Nhớ lúc mới đi du học, ngồi bus liên tỉnh cùng thanh niên ấn. Má, cái mùi tanh của cá, mùi cà ri, mùi quần áo ẩm, mà hình như còn mùi thuốc lá. Thề luôn, tởm tới tận bh. Đéo bh quên.",2
riêng tư rồi,0
con t mà v chắc t vứt cụ nó xuống cống luôn,1
"Hiền Lương tên thật là Nguyễn Thị Hiền Lương, sinh năm 2002 tại Hà Tĩnh, cô là MC đám cưới, nhưng đến nay, cô bị mọi người phán đoán rằng cô cố tình bôi nhọ ẩm thực của Việt Nam qua câu: Váy dính tí nước biển em lại tưởng em là hải sản.",0
"dạ em sharing câu chuyện của em hoi, mấy anh q12 đừng ib làm quen em nha, em chưa có mún có pồ huhuhu",0
sợ cộng đồng mạng thật,0
thầy đăng video này mà. chả hiểu kiểu gì,0
"Eo ôi ko biết bác có hay gặp mấy đứa mặc áo trắng chuyên chặn đầu xe ban đêm ko? Thề em bực mình vl bác ạ, muốn đi nhờ xe thì vẫy tay đàng hoàng chứ éo gì phóng vụt ngang đầu xe làm giật cả mình. Loại ko có ý thức",1
"Má, 1 năm drama, tù tội bằng 10 năm cộng lại, quá rực rỡ luôn",0
Tốt cái mịa gì loại đó :)))) tâm lý nó thích khắc sâu thêm nỗi đau của người làm cha mẹ thì có.,1
"Cái ngu của mấy người đòi không đẻ đó là giao hết tương lai già hoá của bản thân cho một thế hệ kế cận được sinh ra bởi đám jet jet ô hợp, nam thì ra đường tìm bố, nữ thì mặc áo hở dú đen quần đùi trắng chụp ảnh tone filter hồng tím, lên mạng chỉ biết nói về tình yêu, nghe nhạc remix tình yêu nồng cháy miền tây. Mọi người thật sự nghĩ cái tương lai đấy là nhân đạo hả? T thì chỉ thương cho đám con nít ""bao đồng"" lỡ được sinh ra tiếp theo thôi.",2
Luôn Giữ Bình Tĩnh,0
"nó ăn bánh mì thấy khổ mà t ngồi xe ô tô tài xế riêng đi làm gặm bánh mì heo quay, bánh mì trứng, bánh mì chả, bánh mì xíu mại, bánh mì chả cá mỗi ngày mà t vẫn thấy sướng =))",0
Mình xác nhận bạn này đã có nhiều đơn tố cáo tại CA khu vực mình ở (mình là chủ nhà cho bạn này thuê phòng mới đây). Bạn xem bài mình mới đăng nhé,0
Misandrist né đàn ông nhưng misogynist lại thèm khát đàn bà hơn ai hết,1
Giờ mới biết vụ này. Mình hay đi nhiều khi chúng nó văn vở kiểu này mình cũng khó chịu nhưng ko làm gì đc. Từ giờ t biết rồi t sẽ huỷ chuyến cho chít mịa lũ choá đẻ để,1
Này là kiểu no biết từ vid kia r cứ lì ra là free nên làm hoài dó làm căng lên ko thì lên đồn là hết liền,0
"1 : Bánh mì ngon vãiii , nghèo mới ăn thì tui nguyện nghèo cả đời , cuốc hồn quốc túy của VN
2 : Sài gòn nhiều gà ngon và quần áo đẹp nha
3 : phở lúc nào cũng ngon , ko có gạo mốc j ở đây hết
4 : nhiều chủ tịch lớn ăn cơm trong cái hộp xốp trắng , quê mùa gì ở đây
nếu mik nói thiếu cái gì nữa mng bổ sung giúp mik ở phản hồi nha",0
bộ muốn ngta die mới vừa lòng hạ?,0
"Thái lan thua đau nên bị điên khùng rồi , CĐV lại còn đòi tìm trọng tài ăn thua nữa nhục quá đi...",2
"M ăn bám bố mẹ hay sao m rành quá zạ ? Già r còn báo ông bà già hả? Hèn chi ăn tô ramen thấy tiếc tiền là đúng. Nghèo ko sợ, nhưng đã nghèo mà còn ngu thì sợ lắm nhé",1
trò kì z,0
"Cô này mà đc tuyển à, đuổi mẹ bả đi, mất lịch sự vô văn hóa",1
Kẻ bảng kê cả Fragrance/Coach bag/Tory Burch bag đếm số vô mà chừa Chanel beauty + Gentle Monster của con em tao ra nhằm mục đích hốt cứt mấy con óc chó mà ăn thì đừng trách tao đồn :)),1
"Còn tuân theo đúng bản năng thích là quan hệ thì khác gì loài động vật vô tri. M nên cưới đĩ về làm vợ cũng đc, hay mấy con fwb xả đồ ấy. Và ba m cũng có thể tri thức như m nên mẹ m cũng có thể là đĩ ấy chứ",2
Côn đồ thứ thiệt,1
Năm nay quá hấp dẫn.,0
"Rồi các em cũng sẽ nối nghiệp phụ huynh đi làm cán bộ. Với vốn văn hóa và giáo dục được chui rèn nhiều năm ở gia đình và nhà trường ở TQ, vẫn mô típ tiền bạc và quyền lực đứng trên pháp luật khi các em làm ở các vị trí ra quyết định. Không chừng giải quốc gia của các em cũng nhờ gian lận.",1
Tôi được tiếp xúc đủ mọi thành phần mọi màu da trên thế giới nhưng thứ tôi hãi nhất là đoàn khách đến từ Ấn Độ. Nó ở bẩn ám khí ám mùi cả chiếc giường sạch sẽ thơm tho chỉ qua một đêm là bốc mùi cà ri.,2
"tởm nhất là cái cụm từ lgbt là cộng đồng yếu thế, tao đéo biết yếu thế chỗ nào trong khi bọn nó vẫn có tay chân não đầy đủ, vẫn đi làm sống bình thường, vẫn sống lươn lẹo nói đểu sau lưng ng khác, drama hàng ngày. chắc bọn nó là kiểu như quái thai dị tật từ trong suy nghĩ nên tự nghĩ mình yếu thế.",2
Trải nghiệm đi rồi biết. Không tiêu cực như ông bán cơm và cố gắng hòa hợp là được chứ còn đm ở đâu có người này người kia còn riêng thanh hóa thì không hoặc có rất ít ít người tốt,2
Nó học giỏi con giáo viên đó c nma dính vào nhà cái :)),0
Tất cả cuối cùng là trọng tài quyết định,0
Đôi khi học tâm lý học tại vì ko đủ điểm để vô chuyên ngành khác.,0
phim ấn nó ảo ma mà,0
bên mình cũng đầy chả thua nước bạn đâu,0
"May là phụ nữ, chứ phải đàn ông thì mày cũng no đòn rồi",1
Tội nghiệp nhỏ đó ghê đẹp mà bị não nhỏ,1
Ng da đen rất hôi,2
Đéo hiểu vượt chông gai để làm đéo gì trong khi người khôn người ta chọn đường không gai không chông người ta di,1
"Xem kênh của Monsier Tuna đã lâu và nhận thấy điểm đặc trưng của kênh là cách chơi vần văn vở của chủ kênh và giọng rất ấm, nhấp nhả câu từ rất tốt. Câu truyện truyền tải rất thực tế và yêu quý bạn, đã học hỏi được rất nhiều từ bạn",0
"Nói thật là ng ta có ở truồng nhưng ng ta ko cho xơi thì cũng phải nhịn. Chứ đâu ra cái kiểu đổ thừa ng ta ăn mặc hở hang, … này nọ!",1
"Các chú công an, bảo vệ đứng trong hầm, toàn người lớn, người có tuổi cả, vẫn đang trầu chực để giữ bình yên, an toàn cho một lũ dân trí thấp đang hò hét như sở thú và đéo suy nghĩ gì đến người khác. Vui thì vui một lúc, niềm vui niềm tự hào cũng nên học cách thể hiện. Đừng hành xử như một lũ đéo có não, vô văn hoá nhưng núp dưới cái bóng của yêu nước với tự hào dân tộc🖕",2
Gái miền tây nghe đồn là siêng ăn lười làm. Người thanh hoá tài cao nhưng tự cao quá,2
ủa ng ta nói j sai à hay ngồi xem cả tiếng xem cái mik k thích,0
Chỉ sinh sống tiếp súc và làm việc với người miền nam với cảm nhận đc. Tôi người miền bắc nhưng rất quý người dân miền Nam.,0
"tao ghét cái tánh của tụi nó là cái tánh kiểu OCD quá mức, kì thị người khác như tụi nó thượng đẳng lắm",1
"Mỗi dứa 1 bậc hạnh kiểm, mời phụ huynh rồi đình chỉ 1 tuần cho chừa :))",0
"Hehe vua nghề Vẫn luôn thắc mắc đến khi nào thì có NOXH dành cho bác sĩ, giáo viên, kỹ sư và thực sự là NOXH cho các bạn trẻ có thể mua được.",0
Tiếc là VN ko dám làm mạnh tay như tq.,0
Trung Quốc năm đó ra chính sách 3 lằn ranh đỏ. Còn VN chỉ có chính sách ai phản Vin sẽ bị quy chụp là 3 que,0
"Đại học bây có phải kiểu phổ cập đại chúng toàn dân đâu. Các trường tự chủ tài chính giống như 1 doanh nghiệp rồi, kinh tế thị trường nên hãy chấp nhận điều đó. Nhà nước không có chế độ gì cho học đại học cả vì 18 tuổi là thừa đủ khả năng, sức khoẻ để ra ngoài xã hội kiếm tiền bù học phí rồi.",0
"Ấn độ họ ở dơ đứng phía sau phi châu, còn thêm mùi dầu thơm hoa hồng của họ, thật là nhớ đời, còn thêm mùi cà ri",2
Tự hào là trai thẳng,0
làm hơi quá rồi ấy:)),0
Video rất hay tôi đã xem 36 lần,0
Bọn này nó ăn cà ri suốt ngày mà,2
t thấy lgbt bth mà t,0
M gay thì nói mẹ ra chẳng có thg con trai bình thường nào nó thích đọc truyện gay đâu,2
Cái thứ đang bà hư hỏng vứt nó đi cho goi có con hay ko có cũng vứt đi,1
Đây ồi. Chờ mãi mới thấy cmt có ý nghĩa,0
"t nói ở quê là nói giảm nói tránh đấy, nói thẳng ra ng nhà quê đâu phải ai cx thế hiểu kh",1
"thực ra châu Âu cũng ngán nhất 3 hội này mà, khủng hoảng nhập cư với tị nạn toàn từ 3 hội này",2
"Học lop mấy mà điêm tiền ủng hộ người dân lũ lụt bị thiếu vậy ta, nhưng quá hay khi nghe hoi nứoc năm, công nhân bị no tiền là đúng ra kêu gọi, mà stk cá nhân moi ghê, mở miệng thì mô phât mà tiền vô tk yêm ru",0
"Tao thì không phân biệt mà là kì thị bắc kì, với tao bắc kì chỉ là súc vật nửa người nửa thú",2
Chắc ko biết đây là năm 2026,0
"Supachok❌
Super choke✅",0
"Thằng bạn học cùng lớp con tui người HN mới 9t mà mỗi lần chở nó đi trong xe hơi nó nói chuyện cứ gào lên như sợ người khác tranh mất phần, rất nhức đầu, nhiều lần vc tui nhắc nó nhỏ giọng lại mà nó quen vậy rồi bạn ơi. Cái này tâm lý học gọi là vô thức tập thể, mà vô thức nó chi phối 98-99% hoạt động hàng ngày. Quan sát thêm thì tui thấy những nơi bị CS cai trị 3 thế hệ trở lên như TQ, MB là họ không có ý thức phân biệt cái chung & cái riêng, cứ lấy cái chung làm của riêng.",2
"T hay tip, nhưng ai xin thì t ko cho tánh t kì vậy á",0
Nói thật chứ bọn Ấn Độ này nó khinh thường phụ nữ lắm,2
"Có chỗ thì bị lừa sang, có chỗ là tự nguyện sang vì tham ăn lười làm. Thằng trong video thì là chó chứ đéo phải người.",1
Hội những ng ko mất xu nào liên quan những vụ này kể cả vụ pate cột đèn gần đây dơ tay:))) xem t có cô đơn ko nào,0
Phải chi họ dùng năng lượng này để thẩm vấn và hỏi cung các học sinh chuyên TQ thì hay biết mấy,0
"gặp phải người đàn bà gọi chồng bằng chó gọi nó bằng anh thì cuộc đời thật chua chát, gặp phải người vợ lúc nào cũng thích được người khác để ý gọi là đồng bóng thì đúng",2
Lại còn “tuổi mới trưởng thành” chả hiểu kiểu gì !???,0
"Những người phụ nữ như vậy , có thể gọi là loại không có não họ sẵn sàng ngồi trên dư luận ... loại này rất đáng sợ",1
"Nguồn thu chính của tất cả trường ĐH là nhờ học phí, trên 90% hết, mà hphi một số trường Công lập cao gần bằng Tư thục luôn rồi
Gian nan đủ đường chuyện đi học, ko có tiền là thở oxy, chắc sắp tới phải có chính sách vay vốn đi học, ko là khốn đốn",0
"Grooming con bé, tán tỉnh rồi húp trẻ vị thành niên xong giờ đi kể lể mình quan tâm, lo lắng, đầu tư cho vợ. M muốn một đứa trẻ con phải vừa xinh, vừa giỏi, vừa biết kiếm tiền, vừa đẻ con cho m à? Nợ nần, vũ phu, cờ bạc, rượu chè, nghiện game rồi giờ lên mạng lè nhè. Mấy thằng grooming đéo bao giờ ra gì",1
Mấy con đĩ xuất khẩu loz xong bị đá toàn rước con lai của nó về,2
thà đón con ở đồn còn hơn đón con ở viện.,0
"Fact, người Việt sính ngoại. Nhưng động đến lịch sử và văn hóa họ rất bảo thủ, nhất là trong những người này, có nhiều người thật ra là họ không biết gì về di sản văn hóa của người Việt.",0
Quá dài dòng,0
Chưng cư CBD và các toà nhà công ty ở sau uỷ ban Thủ Đức cũ. 1 tổ hợp Livestream .,0
Chuyển qua kênh Hồng Ngọc,0
Ghét trò lôi ba cái bài tuyên truyền đi thi. Lên đại hội đảng mà hát. Vớ vẩn,1
Gay là lũ quái thai lỗi gene. Nên chết tất.,2
"nhìn người Ấn chế biến thức ăn đường phố thì ối giời ơi: kinh khủng khiếp! người với con vật sống gần nhau, đồ phế thải của người và vật ở khắp mọi nơi, khắp nơi đều hôi thối, bẩn thỉu, ruồi bu kiến đậu, người đông nghịt như kiến",2
"Tôi cũng gốc Thanh hóa nhưng thật sự nhiều người thanh hóa sống chà đạp lên nhiều thứ để đánh đổi lấy vật chất. Tôi vào trong Nam họ treo biển không thuê thanh hóa, thậm chí có người còn không bán hàng cho người thanh hoá",2
"hqua đang đứng mua bắp xào dhs có 3 ông anh tầm trung niên phóng qua cầm cái kèn này dí sát tai t r hét? đéo hiểu lắm vô duyên, vô văn hoá dã man ấy? đến hnay tai t vẫn đau vl",1
"Đương Kim Vô Địch Việt Nam(WASINGTON)?
A DI ĐÀ PHẬT",0
có tiền thì thành hoa hậu chỉ vậy thôi,0
"Đúng câu ""Cái miệng hại cái thân""",0
Ôi sao chỉ vì một thành phần mà quy chụp ngành tâm lý quá vậy ạ? Sao lại người có vđe tâm lý hay tâm lý không bình thường mới học ngành tâm lý? Điểm chuẩn ngành năm nay còn cao top đầu cả nước.,0
ai ghét hiền lương t flo hết,0
4:16 cười ko ngừng lun as tròi,0
"Đây là góc nhìn về đạo Tin Lành của một người Kito Hữu như tôi, tôi dùng từ Kito Hữu là vì không muốn phân biệt tôn giáo. Tôi cũng hy vọng trong số bạn bè Facebook của tôi ai theo đạo Tin Lành thì hôm nào có dịp dẫn tui đi lễ bên đó với vì tôi cũng muốn xem thử đạo Tin Lành họ cử hành thánh lễ như thế nào",0
"Kiểu man mát chút, việc đó ko nên nói ra nếu biết ý! Còn thể hiện ""em hiểu ý anh chứ""",0
"M gặp nhiều bê đê đi m sẽ thấy là bọn les khó chịu hơn bọn Gay hàng chục lần. Mấy đứa les thì thật sự là 1 trải nghiệm bad trip. Chúng mang đầy đủ các đặc tính do hormone như sống nặng cảm xúc, đổ lỗi, bốc đồng, thù vặt và thù dai. Đã thế nay còn được đổ thêm dầu là tính nam vào nữa, thích áp đặt, cục tính, thích vũ lực. Tất cả tạo thành 1 quả bom nổ chậm.",2
"Yếu thì nó hèn thôi, hồi trước mạnh vượt trội thì cao cao tại thượng, hành vì thì quân tử (nhưng thực ra là ngụy quân tử)...",0
"có ai giống mình không ? từ trước đến giờ chưa bao giờ dùng tiktok ! thấy mỗi khi YouTube Đăng lên thì biết bên tiktok có người này thế này người kia thế kia thôi chứ bình thường thì nói thật là chưa tải về bao giờ luôn, mình thì chưa già đâu nhưng kiểu đầu nhảy số chậm ấy xem một clip độ dài ít nhất phải như một MV ca nhạc thì mình mới xem được, chứ đầu đã nhảy số chậm rồi còn xem mấy clip ngắn mười mấy giây nữa thì đúng kiểu tai này lọt sang tai kia luôn, mình từng thử xem YouTube short mấy phút mà còn váng cả đầu luôn mà",0
Lại nhét chữ r:)),0
cảm ơn bạn chia sẻ câu chuyện rất hay. qua đây mình nhận ra những người phụ nữ mà mình nên tránh xa!,1
Đàn bà muôn đời đến với đàn ông vì được chu cấp và che chở. Hãy tự trách bản thân đàn ông Bắc kỳ nghèo & vô dụng chứ đừng buộc người ta phải cưới 1 thằng nghèo kiết xác để chịu khổ chung.,2
"Bên Úc cũng ớn mấy nhóm này lắm. Nhưng cha thủ tướng cho một ề Ấn, Bangladesh với châu Phi nhập cư vào qua con đường tị nạn xong nó quậy banh xác luôn.",2
"T ủng hộ gái miền tây lấy chồng ngoại hết đi, cho thoái hóa chết mẹ cái dân tộc chó má này đi",2
"tranh cãi với người ko quen biét mà ngôn từ của nó tởm lợm mât dạy như kiểu có thâm thù đại hận ý, kinh tởm loại đàn bà như con này thật sự",1
ôi nghe mà mắc ị quá có ai giống tui k,0
Chỉ có người bại não mới đi so sánh kiểu vớ vẩn như vậy,1
"Tôi đàn ông mà tát người ta, đưa mặt tát lại đi",1
Trước tôi có biết vụ đột quỵ giới trẻ liên tục là do bệnh viện chuyển hồ sơ qua là vậy chứ là họ bị giết sau đó đc đưa vào lò khiêu thực ra là lò mổ để bán nội tạng tất nhiên là nó lâu rồi và đac đc nhà nước giấu nên các bạn ko biết đâu,0
"con em đi du học dẫn người yêu về ra mắt là anh ấn độ, đang ăn cơm anh ta thẳng tay bỏ đũa xé tan đồ ăn bằng tay không, nhìn người anh kiểu láu không tắm da nó mốc mốc loang lổ như tắc kè hoa lại ăn bốc, thế là mọi người nhìn nhau hết vui luôn",2
Cổ động viên Thái quá kỳ vọng nên họ tưởng tượng rằng xuân mạnh cản người không hợp lệ như thực ra tiền đào thái quá ham bóng mà chạy đập ngực cậu ấy vào xuân mạnh chứ ko phải xuân mạnh chủ động cản người mà chính xuân mạnh bị động thì không thể nào trọng tài phạt được Xuân mạnh. Nên trong luật FIFA để trọng tài cân nhắc những hành vi chủ động và bị động nó là thế vì chánh tình trạng cứ lao xầm vào nhau để hưởng quả phạt hoặc cầu thủ chủ động gẩy bóng vào tay trong vòng cấm địa cũng đòi phạt đền trừ khi cầu thủ chủ động chìa tay cản bóng,0
CHÍNH THỨC: Quốc hội thông qua nghị quyết về di chuyển 2 di tích gồm đình: Đồng Côi (phường Thuận Thành) và đình Tam sơn (xã Lương Tài) thuộc tỉnh Bắc Ninh. Đối vs di tích đền Tân Trăn (xã Lâm Thao) chưa đưa vào nghị quyết này vì các thực trạng và vấn đề liên quan đến luật Tín Ngưỡng và Tôn Giáo.,0
Đau thế :)),0
"Sống trong hang hơi lâu rồi đó nhóc. Tôi Nam Bắc zi cũng sống khá lâu. Ng Bắc chỉ tiết kiệm, ăn keo kiệt, chứ nói vè tài sản giàu có thì chưa bằng Miền Nam. Nhà đất cò bay gãy cánh. MB có cái tật bệnh Sĩ rất cao, nên mua sắm ô tô để thích thể hiện, nhưng nó là tiêu sản.",2
"Vcl cái đ gì vậy Hong Min Gi:)))))
T phải làm gì với thông tin nầy.",1
"Trước mình có học cùng thằng ấn, đợt nào mà nó ăn cà ri cả tuần liền thì thôi, nó mùi kinh vcl các ông ạ",2
Cuối cùng bee cũng bế con này lên,0
Tôi thích bánh mì nha ăn ngon nha,0
Hài vl,0
Người Ấn Độ là giống người khó có cảm tình nhất trên thế giới,2
"Cđv thái vậy tổ trọng tài var ,xử lý theo hình ảnh thực tế mà o thỏa mản quá khích yêu càu lđhđ chấu á có hình phạt. thích đáng cho các hành vi xem thường luât. của tổ chức...gây rối loan tổ trọng tài,,",0
"Có cđb, con này bnh cặc vào rồi mới phán dc thế. Phò hoàn lương à.",1
lgbt là gì,0
"đó khó sửa đó, người ta chạy xe cũng khó cọc mà 1.000 - 2.000 đồng cũng là tiền, không bao nhiêu tiền mất thời gian của người ta thay vì người ta đón khách khác để có tiền người ta nuôi gia đình người ta chứ",0
"nhà báo phóng viên còn chả là cái đinh j ,tưởng mình là thành viên của ban tổ chức hay j mà lm vc ruồi bâu",0
"Page này cùng hội với con insight mất lòng à. T thấy rác như nhau. Rõ ràng con nhỏ trong câu chuyện kia rất kì mà. Mới nhắn ngày đầu tiên đã đòi gà rán, matcha mà không thấy ngại. Đứt dây thần kinh xấu hổ hay gì =)))). Thèm thì tự mua chứ sao phải đòi. Còn riêng cái page kia và 1 số page nữa của nó, tư duy lệch lạc lắm nhé",1
cái tuổi này khó bảo lắm,0
Khi t coi xong vid nờ ô nô đấy t thực sự đã ko muốn nghe muốn nhìn vào vid đấy vì nó quá xúc phạm và dơ bẩn,1
"Chị bá quá,mạnh miệng quá,và hãm quá,chắc mấy cô bán bánh mì né chị ra",1
trên đời nầy đàn bà họ chỉ sống gì tiền và trải nghiệm mà thôi chứ yêu thương gì,2
"má đàn bà sống vì tiền là ác lắm, tránh xa nha mọi người ơi",2
Ngập 30cm thì ko gọi là ngập ?????????????,0
"0:53 Tuna: ""Chào mừng các bạn đến với chương trình rất lâu rồi mới quay trở lại""
Mà cụ thể là hơn 3 năm :))",0
"a thích con trai nông ná thôi, mấy con nái này ưỡn ẹo k phải gu a",2
Thực ra trong cuộc tình này tôi là top lạnh lùng 🤗,0
"Ê cmt này peak thế =))) rõ ràng ý ổng là k phải ổng lười... mà nó ovtk rồi suy diễn vl ra. Đầu óc chỉ có thế xong còn phiến diện, moẹ quanh mà toàn đứa ẩm IC như này thì độc thân cho sướng :v",1
Tôi mất lòng tin ở phụ nữ lâu rồi xem mấy cái clip này riết càng câm thù phái nữ,2
anti như mã thiên hạ muốn tước danh hiệu ai là tước lm lố r đó mấy má ơi,0
Humm giờ mong dân ở tỉnh k lên nữa 😓 kẹt xe vl,1
"con đĩ con chó, cái mồm mày rộng mày đi kể cho người ta nghe để giờ tao không dám nhìn mặt người ta",1
"cảm thấy không sang không lịch sự , câu sau lại bảo k ý chê bai ?? con này hỏng não à",1
Nấu 1 món tinh túy Việt phải ngon chứ đâu Ngu dốt như mày có cửa để nói à. Ăn cá sống nhiều nên não chứa sán đúng hôn? Có tiền mà não ngu chắc tiền ăn bám bố mẹ chứ tiền đếch đâu tự có,1
Không có 500 triệu ko mở mắt,0
Quyền bất khả xâm phạm tài sản cá nhân,0
Dẹp hẳn cái trò đi bão này đi đc k . Tại sao tụi t phải chịu đựng tiếng còi hú hét của bọn nó đến tận 1h sáng trong khi nhà tụi t coa ng lớn tuổi đi làm cả ngày chỉ đc buổi tối nghỉ ngơi,1
Về V.N...da đẹp cho Malai... khâm phục nha,0
"Lũ đàn bà đã quan hệ mà còn chấp nhận để thằng chó đực rựa record lại thì 1 là mê con cặc đến lu mờ lí trí, không biết tự bảo vệ bản thân; 2 là cũng không phải dạng đàng hoàng, coi đụ chịch với trai lạ như ăn cơm bữa, có thể thích chơi tập thể, bú đá.",2
7 học,0
chuản luôn ạ,0
"người mập là auto ngoại hình không đẹp hả, đừng để bản thân bị ảnh hưởng bởi tiêu chuẩn sắc đẹp của bất kì ai chứ
ai cũng có thể đẹp cả, nhưng không phải ai cũng có đủ cả tri thức lẫn nhân cách tốt",0
đc mấy th phố =)) toàn mấy thằng tỉnh lẻ,2
Não bây giờ đang kẹt trong tiktok mẹ rồi,1
"Ghét phụ nữ mà vẫn muốn cưới vợ cơ, hay thật",0
Truy tìm Trọng tài vì cđv thái nghĩ rằng đã nhận tiền của mada pang lại o bắt ép đtvn,0
Méo quan tâm đến bọn này,1
"T nghĩ rằng họ k bán cho nv mang về 1 phần do họ sợ nv cho nhau thêm đồ, t từng thấy có bạn nv bị đuổi việc vì mua đồ về ăn có bill trả tiền nhưng khi bve kiểm tra thì trong bill mua 1 cái nhưng trong hộp là 2,3 cái.",0
"Mắt trắng dã toàn lòng trắng. Môi thâm xì. Da xám như trì. Mũi khoằm diều hâu. Theo nhân tướng học là loại tham lam, gian trá, nham hiểm, độc ác vô nhân tính.",2
"Tinh thần yêu nước cực đoan, luôn quy chụp người khác là co-ca, chả giò",0
khổ bạn thật sự đúng nghiệp duyên với thg cu này r:)))),0
clip 2 là bà ngồi sau nói khó nghe lắm. lần đầu ngồi xe oto hay sao ấy,0
"Tui 9x. Cơ bản tui tỉnh khá sớm. Chắc từ hồi cấp 1. Đầu tiên là tui nhận thấy các câu chuyện 1 chiều và tôn thờ lãnh tụ thái quá. Sau đó là tui được học địa lý và nhận thấy tại sao Singapore chỉ là bằng tp HCM nhưng lại giàu hơn VN, Nhật cũng giàu hơn, Hàn cũng giàu hơn dù bài giảng là VN rừng vàng biển bạc.",0
"Ý là mặc định trong suy nghĩ cũng có sự phân biệt dành cho chính bản thân mình ? Btw chị muốn em hãy luôn tin và luôn tự hào về chính mình, đã là hoa thơm thì dù mọc ở đâu vẫn toả hương. Nhả chút vía cho em với mqh 4 năm - chênh lệch về ngoại hình, về học thức nhưng đều có điểm chung là người hiểu chuyện và biết điều nhé",0
Thứ đàn bà hư đem vứt xọt rác đi,1
Chê càng nhiều thì công sau càng hay,0
Đoàn mình đến đây chưa,0
ông thầy hiền quá cũng khổ,0
Mai lại có vụ hạ hạnh kiểm cả lop,0
Trên đời mày chỉ có trai với gái đéo xe xir xe xim con cặc gì cả. Còn lại đều là mentail illness dù mày có thích hay ko.,2
nghỉ 1 tháng vẫn có tiền là có thật,0
LGBT bth có cái mẹ j mà phải kì thị,1
"Bọn phò não ngắn m chấp làm gì để mệt thân, một phần do bọn simp quá nhiều nên chúng nó hay bị ảo tưởng là thằng đàn ông nào cũng thèm chúng nó vậy",1
"mày làm phò mẹ đi cho nhanh thằng chồng mày suốt đời nó sẽ cay cú thôi, đến lúc có chuyện nó lại lôi ra mày là con phò rách thôi.",1
"đèo mẹ,thế bao nơi nó đổ về Hn nó học/đi làm kiếm tiền đủ kiểu... Đã đặt chân lên quê hương của người khác để kiềm tiến học hành thì đừng có chê",1
Vấn đề đéo phải là không chạy mà là choáng không chạy được ngay địt mẹ mấy thằng ngu kia ơi? Chúng mày thích đổ lỗi cho nạn nhân không ????,1
Tự vệ chứ k cố í,0
"thật gớm ghiếc và ghê tởm, thế thì đi du lịch ấn độ làm gì cho tốn tiền nghe mà rùng mình",2
Nghe lap hư nên gấp quá cộng thêm khoe khoang của đồng nghiệp nữa đê mê luôn,1
vãi cái nhà này thiệt,0
"Tiktoker này chắc học dốt lịch sử, địa lý, văn hóa, văn học và cả chính trị nữa!",1
người ta xin đàng hoàn. ông ko cho thì bảo họ sao cho rồi lại đăng???,0
T thấy bọn nó giữ Trang lại vì có bả mới có fan xem chứ ko người ta đi ngủ hết r,0
Bọn này phải phạt vài ngàn USD cho khỏi ảo tưởng quyền lực. Trục xuất luôn cấm vào Việt Nam vĩnh viễn,1
Ảnh minh họa toàn của U23.,0
Anh Vượng sợ bọn ấn chứ bọn em thấy nó vừa hôi vừa bẩn,2
"Đánh người ta mà không dám ra mặt để xin lỗi, bắt ng nhà phải xin lỗi, sỉ nhục cho cha mẹ",1
Đề nghị cơ quan chức năng vào cuộc xử lý những thành phần này,0
"Anh Khuê ơi Dậy đi . lên Lai Châu cứu trợ đi Anh Ơi , Người Dân lai Châu đang chờ Anh Khuê .",0
mw 2023 chưa diễn ra nữa mà h đòi tới 2024 tước thì ko cần đâu mà để mw họ biết thì chắc đổi cho TT đi chứ v MW cho outtop thì thoi r dó tr,0
"1 năm quá nhiều drama, có mấy cái giờ xem mới bt mọe đúng năm thanh",0
xong rồi a ơi,0
"đừng mở mồm ra chê quê hương ngta trc mặt ngta. Cái thứ vô văn hoá, vô đạo đức, cái thứ đéo ra gì ^^",1
"Cái bọn sang đó làm chân tay thì có văn hóa gì đâu. Ở vn cũng thuộc tầng đáy kém trí tuệ. T thấy mấy người xóm t đi bhp còn chưa học hết lớp 9, nói chuyện chợ búa. Cái loại này nó thấp hèn từ đạo đức r",2
tao táng cho mỗi đứa một cái lòi cái ngã ba hết,1
mây dua này Chung chi hêt rôi,0
"Tôi cũng phản đối việc phân biệt vùng miền, nhưng nếu lấy ví dụ về tất cả những người Thanh Hóa mà tôi từng quen biết và tương tác đủ để hiểu họ thì 100% những người đó theo tiêu chuẩn của tôi họ cũng khá là không ổn",2
đừng bao giờ dồn người khác vào đường cùng,0
đấy mấy bà mẹ vẫn kiểu con tôi ở nhà ngoan lắm,0
Là trọng tài thì cứ làm đúng theo luật bóng đá là OK,0
"Đọc đoạn đầu tưởng bàn chuyện truyền thông, đoạn cuối quay xe gắt quá. 🔥Tiện tui hướng dẫn mọi người cách lấy mã giảm giá Shopee luôn nhó🔥",0
đàn bà ko kiếm ra tiền chồng có được quyền khinh ko?,1
Tui đi một mình cũng ko ai bắt chuyện vì mặt tui lúc ngồi suy nghĩ nó cọc lắm 😂,0
"Từ đầu năm đến h mấy vụ chìm tàu ở biển Đông mà bên trên dìm hết xuống, hoặc khui mấy scandal trong nước để đánh lạc hướng dư luận, thật sự k hiểu tại sao lại im lặng lâu như vậy",0
"Ừ vụ này t cũng chấm hỏi, có báo đưa tin hẳn hoi rồi mà sao bọn này vẫn túm đầu người ta phạt ""tin chưa kiểm chứng"" vậy?",0
"mãi mới có ng lên tiếng, ý kiến của bn rất đúng,dân mik cứ thấy có drama là lại hùa dăng lên anti để câu like.. thứ.cho ng ta cơ hội để sửa sai nữa tr",0
vl 2024 27 phút mà 2025 tận 1 tiếng hơn,0
Dù mn có quay lưng với chị thì em cũng sẽ vậy,0
con nào qua tay t mà chưa có video đâu m. chỉ cần m có tâm lí dắt là nó đi hết vì bản năng phụ nữ nó đã phụ thuộc dựa dẫm vào đàn ông rồi,2
A Huấn chuyển sang diễn phim hài được đấy =)),0
Vl Thái nó đá ngu là đúng chứ Thái League thì VN 20 năm nữa còn đ có tuổi đuổi được cno 🙄 mình đ biết gì về bóng đá thì mình bớt làm content ngu được k,1
Mày lên nhà tao xin thì mày chỉ xin lại cái cánh tay đấy thôi,1
Áo dài có phải quốc phục éo đâu :))) Việt Nam làm gì có quốc phục. Chịu bọn đó luôn,1
Xinh như thế không có anh nào vào can khổ thân,0
"Thật tội nghiệp khi anh ấy rất can đảm và không trốn tránh dù bị công kích bởi cộng đồng khỉ, chuyện gì cũng có đảng và nhà nước giải quyết, mọi người cần chọn lọc thông tin không thể bị bọn 3que phản động dắt mũi được.",2
Lên tiếng chưa chắc đã được giải quyết nhưng không lên tiếng thì chắc chắn sẽ k được giải quyết và sẽ có những trường hợp như vậy,0
Mình cũng mới từ công an phường về hôm nay xong:))Haizz chán...học xong sắp xếp cố gắng qua nước ngoài,0
Sống thực dụng quá nên não teo,1
Nhìn mặt thầy tỏ vẻ nghiêm túc mà trông cũng nguy hiểm vl,0
Nhạc hay,0
"Nghe thôi, không dám nhìn, 1 từ thôi: TỞM",1
"Phân loại theo trải nghiệm cá nhân của t: tụi bake khôn lỏi muốn ăn trên đầu trên cổ ng khác, trung kì thì thích làm cha làm má, dạy đời trong khi bản thân rỗng tuếch, có lợi thì chơi thượng đội hạ đạp. Ae Nam kì dễ sống hơn nhưng vẫn có vài thằng Nam kì xảo trá lợi dụng lòng tốt để mượn tiền.",2
"Loại đàn bà như này thì bỏ ngay tức khắc, đàn ông đừng nhu nhược là sẽ biết và làm được tất cả",2
"Tôi là dân Sài Gòn gốc , nghe chê ,chỉ có mỉm cười ! Chứ ai cũng khen , rồi chuyển nhà về Sài Gòn ở , thì chỉ có chết thôi ! QUÁ NGẠT THỞ RỒI !",1
Dì Dung xem rồi kìa,0
Chẳng những ăn uống mà toàn bộ các mảng khác cũng đều mất vệ sinh dơ bẩn,2
"Cả hai đang hiểu sai í,ship thì thấy để đặt giao thường nên ý ngta là cái này k hẹn giao đc,tgian dự kiến là tgian ước lượng của app,còn đặt giao sao như ý của bồ là hẹn giờ giao,tôi toàn săn mã ngân hàng lúc 0h rồi hẹn giao 15 16h nè",0
"Xin thưa , Người Miền Tây Nam Bộ , Ăn Đường Thốt Nốt , Đường Mía Tây , Mía Thơm Diệu , Tôm Càng Xanh , Ăn Sầu Riêng , Nói về Ăn với Uống thì thoải mái lắm . Không có Chó ăn Đá Gà ăn Muối , không có Ăn Cá Rô Cây đâu nhen",2
Bỏ bao thả trôi sông thể loại đàn bà như thế này trời chu đất diệt,1
"Xin lỗi cl, đánh ng ta thì hùng hồ lắm",1
Cái nết đánh chết cái đẹp là có thật. Tên đẹp nhưng không biết sử dụng,1
"Ở nhiều nơi trên thế giới, tôn giáo là ranh giới của xung đột.
Còn ở một xứ lạ, các sư thầy lại gửi hoa, gửi lời chúc mừng Giáng sinh đến các ""đồng nghiệp"" của mình.
Gọi là “đồng nghiệp”, vì cùng chung một cái nghiệp: lan toả giáo lý, hướng con người về điều thiện.
Việt Nam tôi đó.",0
Nếu dối thì chở đến đồn c.a,0
8:48 đâu ra cái bài thơ j mà đỉnh thế bro:)))),0
Chịu với TikToker này,0
"Điều 193 bộ luật tố tụng hình sự 2015:
- Chỉ ở cấp thủ trưởng, phó thủ trưởng trở lên mới có quyền ra lệnh khám xét điện thoại
- Quyết định khám xét phải được phê duyệt bởi Viện kiểm sát
Ngoài ra, ở bộ luật hình sự:
- Điều 159, tội vi phạm bí mật thư tín, tù 1-3 năm
- Điều 356, tội lợi dụng chức vụ quyền hạn khi thi hành công vụ",0
Tháng 3/2022 ông nhận bằng tiến sĩ ngành luật hiến pháp tại đl luật hà nội chứ cần gì cái bằng cấp 3,0
"Thật bác nhỉ, lại còn mấy trường hợp chưa xin phép đã tự ý lên xe ngồi rồi cơ! Ý thức kém quá.",0
mình ko lại ng HN chỉ lên để học với đi làm nghe còn ngứa hết cả não nói chi mấy bạn dân HN gốc :)))) chê thì xách túi về chỗ bạn khen dùm,1
"VẤN đề của bọn đã qua tay nhiều thằng là nó sẽ ko thể yêu m đc như tình đầu. Câu chuyện lúc này sẽ chỉ xoay quanh tài sản m như nào, có địt tốt ko, có nuôi nó đc ko. Sau này khi m sa cơ thất thế nó sẽ quẳng m đi như 1 con chó và đi địt lang chạ tiếp",2
"14:28 Vr k đọc sách làm giàu, sách làm giàu đọc virus..đỉnh nóc kịch trần chưa kkk",0
"Phải làm, dù có con kiến kiện ông trời, tự mình trả lời đc câu hỏi tại sao, thì mới sáng mắt ra. Chứ kh thì vẫn còn mơ màng lắm",0
T là nạn nhân của bọn dở hơi này đây t tan làm về lúc hơn 10h. Đã mệt bỏ mẹ r còn gặp mấy thk điên ko đội mũ mặt hất lên trời đâm 1 phát đường trong ngõ. Thấy t ngã còn ko đỡ. T bị bong gân bị bỏng do t ngã đè lên bô xe đây,1
Đổi xe là đổi xe. Ý em là bác tải đổi xe .,0
1h sáng ngủ dậy vì đói mò ra đường tìm đồ ăn thì bị quả kèn thổi vào tai 🥰 có thể là phát điên địt con mẹ chúng mày,1
Cảnh t ngồi đợi ship đâu ai hiểu,0
"""Thanks"" đm cười ỉa =)))))))h",1
"sao mà em nguu dữ vậy? những năm trước coi lại đi nó như nào đi 1-2 tiếng là đã căng vui vẻ không ồn ào, còn coi lại năm nay đi 4-5g sáng chưa về rồi còn cầm bia mộ cầm đủ thứ hú còi thổi kèn in ỏi thì ai ngủ hả? dân trí thấp chứ có cái đ gì hay ho đâu?hùa theo cố chứng minh bản thân có tồn tại đấy à?",1
Tuy không phải là Fan bạn ấy nhưng tôi nghĩ là chứ nên tha thứ vì con người ai cũng từng mắc sai lầm,1
"Ở ngoài thì ở bẩn, tánh nết thì bẩn thôi rồi, đến lên mạng cũng bẩn thì đến chịu",1
Hong mà mấy con nái kiểu này anh mày khoái dữ lắm. Mấy con nái này cho không thì anh mày vẫn lấy.,2
Tôi BẮC- TRUNG-NAM trả chỗ nào không sống cả mà sống để hiểu để trải nghiệm sống nhiều năm. Mình thấy người miền Nam rất thân thiện càng về miền Tây. Con người càng chân chất.,0
"Sau khi dùng macOS tao mới bắt đầu nhận ra Windows với Linux nó khổ tới cỡ nào, và bắt đầu kỳ thị cả hai. Một bên dành cả đời để sửa hệ điều hành, một bên dành cả đời để chờ hệ điều hành sửa xong. Không bên nào kịp làm việc. Thằng dùng Linux thì cứ ba phút là lái được câu chuyện sang terminal. Mày hỏi nó ăn cơm chưa, nó bảo tao đang migrate khỏi systemd.",0
"Mặt ông này nhìn chán thật, có giàu hơn nữa nhìn mặt ông thấy hãm",1
Tội bác tài quá,0
"Chê nhiều món lắm... Cô ta lan truyền sự chê bai thực phẩm, khởi đầu của bệnh chán ăn , bệnh thần kinh khó trị",0
"ý là nếu ở tỉnh mình có đầy đủ trường học vs đội ngũ giảng viên tốt như ở HN thì mình cũng ko bao giờ ra khỏi ""vùng quê hẻo lánh"" đâu... :)) tiếc là ở mình ko có đào tạo hệ đại học ngành của mình 😔 , chứ mình ghét cái mác thủ đô của cơ số người ""gốc Hà Nội"" cực kỳ luôn á :)) toàn mác tự gắn mà làm cao, làm sang luôn trời ơi 🫩",1
"cứ hở mồm ra là miền bắc, pbvm à",0
Miền bakery rồi,0
"NGƯỜI miền nam hào phóng, rộng lượng, không ai phân biệt giàu nghèo....!",0
gửi lên hãng . cứ K . nước ngoài là phải trả tiền trước . ko thì nex,0
Toàn mấy con dẩm l chưa học hết c3 bảo là jobless mới đi bão=)),1
"Anh trai có đọc được bài này thì tránh tiếp xúc vs những con ovt như thớt nhé, chuyện bé tí lại xé ra cho to",1
E thấy bảo nó lừa 1 gr đông lắm 40 ng thì ph,0
Trong khi người giàu người nghèo đều đang nhai bánh mì thì Hiền Lương lại đang nhai xít,1
"Chuyên gia khám phá ẩm thực
Chuyên gia huỷ diệt ẩm thực",0
Óc chó đéo phân biệt dc đâu là đảo Vn với đảo TQ à :v,1
"Simp ngu lỏ thì cho chết, thời đại này thằng đàn ông sống mà tự hạ thấp tiêu chuẩn bản thân, cứ chạy theo đuôi bọn woke thổ tả nữ quyền rồi sục cu ảo tưởng mình cấp tiến thì chỉ có làm con chó con ngựa cả đời.",1
Thề đó giờ chưa từng nghe bài nào của thanh niên negav này luôn,0
"Mấy đứa đi ghép ảnh ngta vô cái bàn thờ là mấy đứa óc cặc , ghét thì ghét chứ mắc cái lồn chó gì đi ghép ảnh ngta xong đăng cái cap óc chó rồi bắt ngta nhịn? coi chúng mày làm gì ngta mà bảo bọn t nhịn , giờ đưa cái ảnh bọn m đây làm lập 5 cái bàn thờ cúng nè , bọn làm mấy cái trò này đúng là bọn thất học , óc cặc",1
Mới ra biển tí đã chê mùi cá ao tanh,0
"chửi ""chó đẻ"" ""con mat lon"" nặng nề lắm",1
Thề bọn ngu cứ thấy livestream cái gì mua cái đó rồi cuối cùng than là bán mình cho tư bản,1
rất ủng hộ bạn,0
"""Cá không ăn muối cá ươn
Mày không nghe anh có ngày mày ăn cứt "" nghe cười ỉa",2
Lại chatgpt ra bài à. Có địt dc con nào trong list này chưa bạn?,1
chị tuất em hợi,0
Người ấn đã hôi còn phạm tội. Bảo sao bị thế giới kỳ thị,2
"bọn ấn này t gặp trên xe buýt mùi nồng thật, mùi kiểu nặng mùi chứ không phải mùi hôi nách hay gì đâu, sợ vcl, ngồi sau bọn nó như tra tấn mũi",2
day một bài học chưa,0
"Không cần nói nhiều, dơ vãi lồn",2
Năm nay ctr Soi Sáng Dẫn Đường coi nổi da gà luôn 😭😭😭,0
"ai đó cứu t với chứ h t thấy bản thân đ khác j mấy con phò, t sợ bị đánh giá t sợ sau này ck t lấn cấn về t",1
"nhìn người Ấn chế biến thức ăn đường phố thì ối giời ơi kinh khủng khiếp, người với con vật sống gần nhau, khắp nơi đều hôi thối bẩn thỉu ruồi bu kiến đậu, người đông nghịt như kiến",2
"Lối suy nghĩ của các em gái này nông cạn và rẻ tiền. Nhưng thực chất, chúng được bắt nguồn từ chế độ phụ quyền, khi xã hội yêu cầu đàn ông phải chủ động, chu cấp, mạnh mẽ, còn phụ nữ phải thụ động, phụ thuộc, yếu đuối. Những suy nghĩ mà bạn đang lên án là sản phẩm của tư tưởng trọng nam khi nữ, khi chính các bé gái này tự coi mình là cái cọc, con mồi, là khoản đầu tư để đàn ông đổ tiền vào, chứ không hề ""tôn thờ"" phụ nữ như bề mặt của nó. Nữ quyền không hề liên quan gì đến những thứ trên.",0
"Mình kbiet sao mng thường kỳ thị, cá nhân mình có nhiều bạn là gái Thanh Hoá, xinh gái dáng đẹp tính tình tốt. Mình nghĩ là xấu thì ở đâu cũng có mà, k nên lấy quê quán ngta ra để chưởi chúc pà tìm được người yêu thương thật lòng bà nha",0
riêng bọn mọi Ấn độ này thì từ chối hiểu,2
"T LÀ ĐỨA BỊ BA ÉP BUỘC TÔN GIÁO
Chuyện là nhà t là theo đạo Thiên Chúa từ khi t còn nhỏ là do ba t, t cũng có chị nữa. Dù nhà t theo đạo nhưng mà do cách truyền đạt hay suy nghĩ hay sao á, cả t lẫn chị t đều không quan tâm tới đạo, hay còn gọi là không có đức tin.",0
ngang ngược trơ trẽn ai bằng loại người này,1
"Ngu si dốt nát nó vậy, cộng thêm cái ảo tưởng ngôi sao nổi tiếng khi tik tok 3M follow mà đã như thế. Món đặc sản bậc nhất Việt Nam mà nó dùng mõm chó nó cắn rồi nhả như thế thì nó chỉ xứng đáng được ăn rác",1
Bộ giáo dục làm gì có tiền. Tiền lương còn phải duyệt bởi bộ tài chính kia mà. Có quyền đc quản chất lượng đầu vào đầu ra chứ có nuôi trường được ngày nào đâu mà quản. Trường thì đủ thứ phải lo nào là tiệm cận cơ sở vật chất với nước ngoài đội ngũ giảng viên phải xịn mà để có mấy thứ phải có tiền đắp vào. Cái có thể khiến cho hp ko tăng nhiều thì chỉ có kiểm toán nhà nước kiểm soát thu chi thôi.,0
"Không cần lễ độ đâu. Khi phải lấy lý do đi cùng hội để từ chối sự tiếp cận đơn lẻ, sự lòng vòng đó thể hiện nội tâm lúng túng và sợ hãi, chính là thứ những người này ngửi thấy nhanh lắm.",0
Mình theo dõi drm từ đầu h thì chỉ có đúng một thắc mắc duy nhất là lý do nào khiến con bé kia đi yêu một thằng cỡ đó đèo mẹ người nhà thằng kia đã đối xử như thế thì tht sự kh nghĩ tới tương lai lấy nhau về xong ăn đập à,1
"Ha ha con tui vào đại học năm thứ 1 ở nội trú có con Ấn Độ ở chung phòng, phòng hôi mùi Ấn Độ con tui chịu không nổi chỉ ngủ được vài tiếng trong ngày",2
mn có thể nhẹ nhàng vs bả hơn nhưng tht nhan sắc bả bth và tư duy chưa dúng nếu đc thì bả lm á 2 sẽ hợp hơn thay vì hh,0
Loại này làm xấu hình ảnh người giáo viên nên đuổi khỏi ngành,1
tao ko sem trấn giờ vở vẩn,0
"Ngay từ đầu đã là sai rồi. Không thích đồ ăn hay chê đồ ăn thì thiếu gì ngôn từ mà lại đi xúc phạm một trong những biểu tượng lớn ẩm thực nhất của Việt Nam, thôi xem xong rồi tôi đi làm ngay cái bánh mì thập cẩm sốt cà chua đây",0
"trung bình fan ne gíp, tao cũng đéo hiểu sao nó có fan",1
"Nếu bảo khép chân lại là xong thì đúng là người bạn bốn chân này chưa từng bị rape rồi. Ông bị cảnh nó doạ giết đi rồi thấy, nhe=)))))) biết sao thường mấy bé chỉ mới 3-4 tuổi tới tận 16-17 nó lại hay bị xâm hại không? Ừa, đúng rồi đấy, chênh lệch quyền lực, khoảng cách tuổi tác, địa vị xã hội là thứ đã khiến chúng im đi. Bạn cần biết trong hoàn cảnh bị rape, mọi thứ không chỉ được định đoạt bởi việc cái chân dạng ra hay khép lại. Không có quyền từ chối thì sự đồng ý là vô nghĩa",2
Tui nó có bảo kê het rồi ... sao hạng A thuong quen biet rộng rãi ... còn HUAN HOA HỒNG tại nó ko quen biet nhieu nen nó bi hốt thôi,0
Nó k phải vì thấy ý nhi k đúng mà nó muốn ép ng khác vào đường cùng chúng nó muốn cuộc thi hh việt nam sẽ càng ít thi sinh hơn chắc mốt k ai dám làmhh,0
Bh 4 năm dh phải >100tr,0
"Ấn độ là ở dơ đứng phía sau phi châu, còn thêm mùi dầu thơm hoa hồng của họ, thật là nhớ đời, còn thêm mùi cary",2
"à thì cũng bthg thôi, em k có chê vô duyên bác à, chỉ cần nhờ check hoặc đến câu là nay chị H mặc váy nên anh ngại nhòm xuống là xong",0
"Thế nên là muốn làm con game mà nhét đc văn hoá vào như Genshin và những game khác đã và đang làm nó khó vcl. Cái k nên đụng vào là lịch sử, chiến công của người đc chọn chứ ngoại hình là cái éo gì, HI3 còn cho mấy nhà khoa học như Einstein hay Tesla thành gái đc thì sao các cụ lại k đc, các cụ có khi còn thấy hay ấy chứ :v
Ý kiến chủ quan của t là thế 🫢",1
"Đồng tính là 1 fetish. Bản chất con người là lai tạp giữa nữ và nam. Đàn ông bình thường thì có 95-99% nam, nhưng có một số người thì phần nam chỉ có 80-90%, khiến họ dễ hấp dẫn bởi fetish đồng tính hơn. Cái này là về gen nhé.",2
Đâu phải e gây chuyện. E tự bảo vệ chính mình . Phòng vệ chính đáng ko gì phải cúi đầu bé ah,0
"Vì đã phá luật nên không có người bị loại vòng 1/2 , nhưng cộng đồng chia làm 2 fan Vương Mông chỉ trích ban giám khảo , người xem chỉ trích vương mông vì biều cảm bất công trên sóng",0
"Học phí cao đáng lên tiếng thì vẫn đáng lên tiếng. Một nền giáo dục tốt không nên để tiền bạc trở thành lý do khiến một người có năng lực phải từ bỏ cơ hội học tập. Ai học không nổi thì có thể tự bị đào thải bởi năng lực, nhưng không nên có chuyện một người phải bỏ học chỉ vì không còn tiền.
Mà chính vì xã hội nước mình đang vận hành theo cách như vậy nên mới càng đáng để bàn luận.",0
nhìn mặt qen thế nhở ??,0
"lên mạng lỡ lời đụng cham tụi gay lọ là nó dí tới chết chứ ở đó. Mày gay thì kệ mẹ mày, nhưng đừng múa trước mặt tao để ăn đạn rồi hỏi sao tụi tao kì thị. Cút đi chỗ nào khuất mắt mà làm trò.",2
"ĂN BỐC GIỐNG BỐC CỨT CHO VÀO MỒM QUÁ, KHIẾP TAY MỚI ỈA XONG CHƯA LAU",2
với đám wibu thì c đăng bài phốt lên mấy group fb hoặc confession phốt cosplay cho nó đẹp mặt ấy chị ạ,0
"một lũ cdm thiếu kiến thức, vô văn hoá. và cái quan trọng là quy định của việc tước vương miện không nắm rõ mà cứ mở mồm kêu tước",0
ai hủy follow hồng ngọc tao flollow hết,0
Gọi tên minh nhựt,1
cái này ta gọi là cái miệng hại cái thân nè,0
"t đi solo rất nhiều. kinh nghiệm của t thì 1. luôn đi đứng nói năng dứt khoát, đường càng vắng càng đằng đằng sát khí vào 2. mua vũ khí phòng thân (nếu luật nước đó cho phép)",0
Xem mà thấy sợ,0
"Tao không ghét gay hay bê đê nhưng thằng gay và bê đê nào mà tính tiểu nhân, hay so đo, hờn vặt, chuyện nhỏ nhưng thù dai thì tao cộng điểm ghét X2 X3.",1
"Bánh mì rất ngon, 1 khi mà chê bánh mì thì nhịn ăn đi đéo biết điều còn nói",1
"Tất cả con gái đều là công chúa con vàng con bạc nhà ngta còn nam thì lượm ngoài bụi chuối, kẻ ăn người ở không cha không mẹ
Đó là lí do khi quen con gái nhà ngta cần thật tâm hết lòng còn ngược lại thì không cần :)))
Tao lại ràng bọn ăn hại này quá mà. Tư duy thua mấy con hà bám trên tàu thuyền đúng mỗi cái vỏ",2
5:05 Cuộc sống không Giống Cuộc đời !!,0
"Nhiều người vốn bị thiểu năng trí tuệ nhẹ nhưng vì họ có thể tự chăm sóc cho bản thân nên ngta k để ý là họ bị thiểu năng trí tuệ nhẹ. mong tgioi tàn nhẫn với mấy loại đã bệnh còn mất dạy như này.
Trong các môn thể thao, môn võ, đời sống, chiến tranh thì họ kêu đàn ô khoẻ hơn đàn bà là thiên bẩm
Nhưng khi đàn bà bị đàn ô hiếp, họ lại muốn đàn bà phải khoẻ hơn đàn ô, còn k khoẻ hơn đc tức là đàn bà muốn bị chơi",1
thường giao sớm hơn dự kiến ^^ chú ý =)) t bị 1 lần r,0
Tiếp theo mong Bee làm về Chị đẹp Đạp gió rẽ sóng Tung Của đi ạ,0
Vk t gửi t xem chi zậy,0
Cái đoạn chỉ ngón tay cút hài vl,0
"- nhiều anh em đàn ông đặt câu hỏi vô cảm, thiếu tư duy logic và sặc mùi kỳ thị phụ nữ: sao hai tuần mới tố cáo? chắc có gì khuất tất?
- người ta chờ người thân, gia đình bay sang Việt Nam để tiến hành khởi kiện. một mình, giữa nơi xa lạ, đang hoảng loạn, lấy đâu ra sức lực và tinh thần để đối phó với thằng hiếp dâm và những kẻ cáo già bảo vệ nó? nói thật, các anh em đàn ông mà bị một thằng đàn ông khác hiếp, chắc sẽ sang chấn cả đời không dám mở miệng đâu! =)))",1
"Không biết chồng của chị này như thế nào nhưng nhìn thái độ của người vợ là thấy không chột dạ gì đến mức trơ trẽn luôn. tình hình này thì không thể hàn gắn lại được, ngựa quen đường cũ thôi.",1
"nếu hs 11 ko phản kháng thì hs 11 sẽ bị đâm xuất, do chi là phản kháng tự vệ thôi. ai cũng vậy, những người ủng hộ hs12, tui ko hiểu những người đó nghỉ gì!!!",0
"Đại ka đi rồi, mình vẫn nghiêng về học sinh 11",0
Đây là 1 trong những lí do mình ghét đến lớp học nhiều khi còn muốn bỏ học luôn ấy học áp lực như này học làm j nữa bạn bè thì ko có nhiều ngược lại toàn những thành phần ko ra j luôn coi mình là trùm của lớp,1
thằng nhiều hơn thầy🥲,1
"Chông gai mùa 2 nằm ở lòng người có tâm phân biệt và quá thiên về cảm xúc cá nhân nhưng lại muốn có thật nhiều người cùng nghĩ giống mình. Mọi người bảo ko thích chiêu trò trên sân khấu, nhưng nó vô hại vì ai cũng thấy ai cũng biết, cái âm thầm thao túng dư luận phía sau chính là những chiêu trò tình cảm phía dưới sân khấu. Mn tỉnh táo lên.",0
Người xưa nói rằng miệng chó thì không thể mọc ngà voi là đây chứ đâu,1
"Ủa bên vinamilk ko có mã QR của từng bill à ta? T bên TH, từng bill có mã QR khách nhau, khách quét nó ra đúng số tiền đó, thanh toán xong nó tự động in bill luôn",0
Có và rồi còn nói trọng tài thiện vị cái gì nữa,0
là t chắc t chết r sao chịu nổi,0
"Tóm lại, thắng khoảng 22h thì chơi tối đa vui vẻ đến 12h, gói đầu đuôi cho đến 1g sáng. Còn sau 1g sáng là cái bọn thành phần thừa thải, cặn bã. Lợi dụng bóng đá để gây rối mất trật tự, quấy rối người khác, đua xe",1
"Nhà nước chuẩn bị đánh thuế bất động sản thứ 2, bất động sản k sử dụng là bay màu liền.",0
"Ý là cỡ này con em tao mấn ăn khá khẩm nên đéo thích sồn, an phận tí thì những con óc chó hoành hành cực kì =)) nhắc lại là đéo thích sồn nhưng dòng nghiệp chướng thì đừng trách t chửi =)))))))",1
"cứ hiểu là 1 đứa du khách thiếu văn minh ở Trung Quốc thì sẽ có kiểu ở dơ, keo bẩn, la hét, ngang ngược, thì Ấn Độ có hết, kèm theo quả mùi kinh khủng tởm mà cách xa cả cây số cũng thấy khiếp hãi linh hồn rồi",2
"Mk thấy bthg mà. Mn Có đang lm quá nên k? Theo mk hiểu thì ý b này nói k thich ăn nên chỉ lúc b ấy đói khát cực khổ k có nhiều lựa chọn thì mới phải ăn, mn cũng vậy mà đồ mk k thic ăn thì lúc có nhiều lựa chọn thì ls mà chọn dc? tất nhiên là lúc khó khăn k có nhiều lựa chọn mới phải ăn ấy",0
Địt mẹ đi ngủ đi m spam cmt đc cái mẹ gì ở đây văn vở vl thằng điên bão bùng ai cấm nhưng hầu hết đều có mấy thằng ất ơ chiếm số đông ng ta mới bực m ạ hay m là thằng đánh võng lượn lách hả m,1
Nờ ô nô vẫn edit video xin lỗi vì anh ta là một con súc vật thư giãn,1
Bác nào hiểu thông não giúp e. Tại sao lại bị bắt vậy ???,0
Hay cố tình cuối năm đuổi để kp trả tháng 13 nhỉ,0
thằng đầu phú lê bên nó cũng gốc Thái đ đâu?,1
"bọn nó muốn nổi tiếng đến ngu luôn rồi! phải có chế tài thật nặng đủ sức răn đe cơ, phải khóa toàn bộ tài khoản mạng xã hội vs phạt cỡ 5 năm thu nhập thì mới hết tình trạng ngáo mạng xã hội kiểu này",1
1:55 duma ảo vải,2
Miền Bắc thì Hải Phòng là thủ phủ. Miền Nam thì Miền Tây là thủ phủ của công nghiệp xuất khẩu lợn nái xuyên quốc gia!,2
"Nma có đoạn nào ghi b này bị đuổi do mua đồ cửa hàng bán lại cho ng khác đâu :)? B vẽ ra à, cửa hàng này cấm k cho nv mua mang về nma b ý k bt nên chứng tỏ k có giảm giá cho nhân viên.",0
"Chê đồ ăn kiếp sau cho nó thành ma đói, lửa cũng phải nuốt",1
Nói phét . K có bằng chúng.,0
"Cái vấn đề ở đây đéo phải là 276đ, đừng lôi nó ra làm câu chuyện bàn tán. Nếu ngta đéo muốn trả thì ngta đéo chuyển 122k đâu. Case này muốn nói đến thái độ nv thôi, nhưng thực ra cũng đ đến mức phải phốt, rp lên vinamilk là xong",1
thiếu a Dũng DT của tôi rồi,0
Có mấy đứa thèm bị hấp diêm đến phát điên mà ko đc . ước j mấy đứa đổ lỗi nạn nhân bị híp 1 lần trong đời,1
"Tại sao mọi người thích quốc tịch Mỹ trong khi báo VN nói Mỹ bị xả súng liên miên, homeless đầy ngoài đường, chữa bệnh cái là tán gia bại sản, cảnh sát Mỹ kỳ thị người Châu Á, thuế má cực cao, thiếu tự do ngôn luận, Epstein,...?",0
Thầy đẹp trai,0
"Vtv dạo này đang bị cái đéo gì đó. Từ Lê bống đến dẫn dắt dư luận, làm sai lệch hình ảnh? Lập nhà đài mới giùm.",1
Thế nên sẽ chẳng có gì giống như FGO ở vn dù quả art Lê Lợi này peak vcl,1
"Nói thật mưa gió ship đa số ngta sẽ tip thêm chút tiền hoặc làm tròn tiền, nhưng việc xin thêm tiền này m cảm thấy phản cảm kinh khủng ấy",0
Rảnh,0
Tùy cty đừng đánh đồng hết thấy nhiều đứa đi so với KTV vô duyên thúi.Vô mấy cty lớn như New World hay Sky Moon thì nhiều khi người ta làm ăn đàng hoàng vô mấy cty nhỏ hay mới thành lập thì hên xui,1
11:42 đến toạn đó t đang ăn cơm hộp luôn á,0
Vậy bảng đo khoảng cach trên cao tốc để làm gì?? Chắc chắn chả ai phạt khi quy định 100m mà chỉ cach 90m cả. Chỉ lũ óc c.hó mới ko biết giữ khoảng cách an toàn.,1
"Còn ác hơn nữa là thằng lồn học chung đh với t mới cưới vợ, lúc còn đi học là bê đê kèo dưới bị đút đít. Haizzz",1
còi vs kèn kêu kinh ỏi thì làm đéo gì biết còi nào là khẩn cấp ))) khéo lũ sv ý còn nghĩ xe cấp cứu cũng đi bão,1
"Chuẩn đấy, t đi 1 mình nhưng ai hỏi t cũng nói đi 1 nhóm hết. T bắt grap đi 1 mình nhưng ai hỏi là t nói bạn t đang chờ ở chỗ đó, đến là nó đón liền, đi grap đêm thì t nhắn tin liên tục giả vờ như đang tám vs bạn 😅",0
"Ai cũng bảo rộng lượng, thế quả báo có ý nghĩa đéo gì vậy?",0
"Minh dang thich ct vi co: Ha An Huy, Trinh Thang Binh, Thai Le Minh Hieu, Ho Dong Quan, Thai VG, Dinh Manh Ninh, nang tho.. con lai minh chua tung quan tam den ATVCG truoc.",0
ngứa con mắt ăn mà cứ nhả ra trời cho ăn mà không biết hưởng đồ thứ cà chớn,1
Con này nó không ăn bánh mì thích ăn mai thuý mới ngon miệng và cao cấp chứ gì,1
"Một đứa con gái mới nhắn tin với thằng kia vài câu đã thấy thích, được rủ đi ăn nhà hàng xong kết thúc một ngày bằng cách bị thằng kia đụ đã đời (dù là bị chuốc say hay tự nó dạng háng ra), MÀY KHÔNG THỂ BẢO TAO TIÊU CHUẨN KÉP KHI GỌI MỘT CON ĐĨ LÀ ĐĨ ĐƯỢC",2
"Quy chiếu cái đéo gì, tao thấy chỗ nào giá tốt tao mua, chỉ có mấy thằng ngu mới lựa chỗ đắt mua =))) Tao không mua shopee thì tao cũng đi chỗ khác, ai ngu như mày đi bênh Thế Giới Đùi Đẹp đâu mà biết. Tao biết mày ngu nên bỏ thêm vài triệu đi ra TGDD mua rồi, bớt xàm lòn về bảo hành và đổi trả đi, tao ở thành phố đem ra hãng còn nhanh hơn đem ra Thế Giới Đùi Đẹp của mày đấy.",1
Kỳ Duyên năm đó còn gấp đôi như vậy mà cũng đâu bị tước vương miện,0
"Nhà tôi có tiệm nail ở mỹ. Có bọn ấn vô là kiếm cớ từ chối, đôi khi khó mở miệng từ chối thì chỉ cần bọn đó mở miệng đòi hỏi là tôi sửng ngay",2
Vậy mag bây h vẫn còn mấy đứa bợ đít idol share đlb,1
"Vl so sánh kiểu gì mà phụ nữ như bông hoa đàn ông như con ong, ong nào đến hoa cũng tiếp thì hoa đừng trách nghe vô lý thật sự???? Trong khi hành vi hút mật của ong là cách nó kiếm ăn, đổi lại thì ong sẽ thụ phấn cho hoa - đó là mqh đều có lợi, với cả thì hoa nó có chạy hay nó phản kháng được con ong hả ? Còn ngoại tình có nuôi sống đàn ông không? Ăn mặc thế nào là quyền cá nhân của mỗi con người, mặc quần áo thế nào là sống sai còn như nào là sống đúng?",1
Ai cũng có lúc mắc sai lầm. Có khi bạn ấy chưa diễn đạt hết ý muốn nói. Giờ bạn ý chắc đang áp lực lắm.mọi người khoan dung đi ạ.,0
2 cô gái này đại diện cho 1 phần thiểu số bác sĩ tiêm thuốc độc giết người như nhiều vụ án từng diễn ra khi quyền lợi của họ bị xâm phạm. Gieo nhân nào gặp quả ấy.,1
"Riêng cái loại đàn bà như thế, thà mình về mình nằm ôm một cái gối ôm, mình ngủ cho nó sạch người. Cho nó đỡ bẩn cái bản thân của mình. CÚT",1
"thủ dâm là một bệnh lí của ái kỉ
người thủ dâm thường có xu hướng đồng tính cao",2
Ôi đàn bà là những niềm đau ! Hihi !,1
"Giờ còn xét giàu với nghèo qua con oto hay cái nhà để ở thật quá thiển cận. Đặc biệt còn đem vùng miền dân tộc đồng bào ra để phân biệt thì chỉ có loại bại não, đáy của xã hội.",1
Mấy vụ này phải đăng lên quốc tế luôn thì mới có giải pháp dc,0
Tuất và Hợi,0
"Hoa hậu nch như v hả mn , nói v ai cũng nói như hoa hậu rồi , nói rắn độc này nọ nhma hãy xem hoa hậu Ý Nhi của các bạn ăn nói có đúng chưa",0
"biết là bị hẹn mà vẫn đến?
Đã v còn cầm giao?",0
"Cứ vậy Hoài lứa tuổi này loạn bắt trước Hoài cho coi. Phải xử nghiệm tội đánh và coi quay clip bằng nhau như vậy mấy em ấy sợ, hoặc người nhà cũng sợ ko cho con em tụ tập.",1
Lm v còn hơi quá r,0
Căn bản gái càng nhiều bạn tình thì chúng nó càng có vấn đề trong suy nghĩ ấy. Khó mà cùng mày gây dựng 1 gia đình tốt được,1
7:53 em còn méo xem tí tọk í,0
"Bóng đá Đông Nam Á ít tiến bộ vì cứ bị thua là nói này nói nọ mà ko nhìn xem mình đã chơi thế nào , tất nhiên trong riêng môn bóng đá thì cái may mắn cũng có nhưng cái chính là trình độ và tinh thần của các cầu thủ và ban huấn luyện , chứ cứ thua là lên mạng chửi bới và lăng mạ ng này ng nọ rồi thề thốt vvvv, tôi xem bóng đá thế giới mà thấy họ cư sử rất fair play, mong bóng đá ĐONG NAM Á SẼ NHƯ VẬY",0
Ai flower còn này xem lại đầu óc mình đi nhen,1
"Cái thông tin HTH quen chị Lý hột me ko đúng đâu nha. Bởi vì ad biết câu chuyện này đợt dịch 2020, LNK gủ nhóm Gernang qua nhà chơi và còn biểu diễn mừng sinh nhật này nọ, còn có tình mời Hiếu qua phòng riêng nói chiện mà Hiếu tự thấy sợ và nổi da gà. Ko dám đi 1 mình qua nhà LNK mà lúc nào qua cũng phải kiếm cớ đi chung với nhóm, lấy lý do công việc mới qua.",0
Top 1 Minh Nhựt hả a,0
Tội quá đẹp mà bị não nhỏ,1
dùng tiktok tôi bại não cho đến khi gỡ cài đặt,1
“Đứng chê người Thái” chứ không phải “đứng trê người Thái”,0
Tiền quân sự năm ngoái bảo miễn mà năm nay cbi đi gần 10tr đây=))) đéo hiểu có gì mà lắm thế=)đi 4t ra đời làm đéo gì=)???? 10 triệu cho 1 tháng hơn bố nó tiền lương tb của người việt r=)??? Nay các trường làm kinh tế bằng quân sự à.,1
"nếu vội quá mình có thể đặt xe khác đi mà như xe cấp cứu, xe CA,... xe rồng cũng đc mà",0
tự vệ mà hẹn ra cây xăng với chuẩn bị hung khí v nhỉ ?,0
"Bọn bắc kỳ được sinh ra trên đời với mục đích là cướp của, giết người, hiếp dâm, trộm cắp, lừa đảo và tra tấn người khác chứ đéo có con mẹ gì tốt đẹp từ bọn nó hết. Bọn mọi bắc kỳ này đéo có gì tốt đẹp hết. Dính phải cái bọn mọi này thì đéo thể nào mà ngóc đầu lên được. Tao nghĩ bọn này sanh ra là để bị giết hay gì á.",2
2 cái nhan sắc chấn động thiệt,0
"Đúng là con gái , bởi vậy tao ko yêu là vậy đó",2
"Backy nái ở mấy tỉnh gần biên đụng vô thì không có chồng thì cũng vợ bé. Còn ngoại tình thì khỏi nói, mấy video ngoại tình, đổi chồng đổi vợ, đụ bầy đàn, sgbb, fwb 10 cái hết 8-9 là của backy.",2
mãi ủng hộ ý nhi,0
"ủa mn ơi? là do t khó tính nên t thấy việc brand làm ra sản phẩm kinh doanh mà lại chứa từ “Bắc Kỳ”, “Nam Kỳ” nó phản cảm hay là giờ ngta kh còn cần biết tới ý nghĩa của những từ này vậy thật sự vô cùng khó hiểu luôn đấy 🙂",0
"Dime mấy thằng đàn bà ngu xi , chúng mày cứ chửi người bị hại là thế éo nào nhể , ngon vào mà ăn 1 cái bạt tai đó xem choáng mất bao lâu , gớm toàn mõm nhôm",1
Thèm hộ khẩu hà nội vãi ra ý chứ. Mồm lúc nào cx đất quê rẻ sao k về quê mà mua xong than đất HN đắt,1
"qua ấn độ đi rồi biết, t qua du lịch 2 tuần mà ám ảnh luôn, tóm lại nó bẩn từ A-Z không cái gì sạch sẽ cả",2
1 lần là 276đ 100 lần là 27.600 cứ mỗi ngày đều 100 khách mà quen thói làm tròn hoài như vậy thì đâu được. Mà tính ra ý chị chủ tút là k hài lòng quy trình thanh toán chứ cũng đâu nặng nhẹ gì.,0
i don't have money,0
đêm qua đi bão về... gặp 3 thằng đi chung một xe mình thân con gái đi một mình về nên chúng nó áp sát xe mình... thế là bọn nó phóng lên cả 3 thằng chìa tay ra sờ bóp đùi mình... vừa kịp chửi địt mẹ chúng mày thì bọn nó cười cợt rồi phóng mẹ đi ! lũ óc vật,1
Loại này đuổi ra khỏi nhà vì hôm nay tha mai lại kiếm thằng khác thôi,1
"B chính là cái ngữ ít học và bị tụi đồn ang làm cho ghét những thứ thuộc về chính mình 🤷 b ngu dốt vô năng k thể chống lại cái cách đồn ang gán những thứ tiêu cực lên đàn bà thì ít nhất b nên câm miệng lại, để yên cho người khác đưa ""đàn bà"" trở về vị thế trong sạch vốn có của nó",1
"cái địt mẹ than phụ nữ BẮT chia bill
sinh ra có cái óc để nhét dưới dái à? đéo thích chia thì tìm con nào chịu chia đi? con cụ m chọn người đéo chia là xong
có tí tiền ăn mà lôi ra tranh luận nữ quyền với bình đẳng
tiền nong hẹn hò là chuyện cá nhân còn bình đẳng nữ quyền là về quyền lợi cơ bản của một công dân. người có đầy đủ quyền lợi cơ bản thì biết cái địt gì về những người đéo có?
ếch ngồi đáy giếng vcl bảo sao dí lồn đẻ đme hơn thua đến cả cái lỗ lồn tao nữa",2
hết chủ đề để làm video à ad?,0
ủa tui thấy bth mà,0
Sao công an không xem clip này,0
Loại đàn ông đánh đàn bà thì cần gì phải nể,1
Chớm chớm có tí tiền :) tưởng mình giàu lắm,0
huhuhuuu thoiii cho c cơ hội diii mà,0
Sao nhóm tái xuất đc vote cao chót vót lại không có mặt mũi nào trong sự yêu mến từ khán giả đại chúng nhỉ. Chẳng bài nào lot top 20 chứ đúng nói top 10 trending như nhiều bài khác Hay chỉ máy khứa bào tiền bố mẹ rảnh hơi thích dầu mỡ tuồng kịch mới thấm nổi nhóm này,1
"Nó cứ ăn vạ đòi pen . Nhưng bây h có var nên ko ăn đưọc . Lại mang đội hình E , đúng là thái dúi . Thua ko chịu nhận kém mà phấn đấu . Thua đổ lỗi tùm lum . Xưa rồi thái ơi . Bây h kể cả kt cũng bị việt nam và indo đè mặt rồi . -)))",1
Họ quan tâm cái nồi cơm của họ thôi chứ xh sau cùng như nào với họ cũng k quan trọng lắm đâu =))) nên đừng quá bất ngờ,0
Góc khuất nghề KTV triệt lông: Đọc xong đừng kỳ thị tụi tui nha,0
"Và khốn nạn là gì biết không, đó là lũ này biết tất cả những điều đấy khi đối xử với vợ và người yêu của chúng, và lên mạng nói như thế đấy",1
"nghĩ s mà được v? Sức mấy thằng con trai phải gọi là khủng hoảng á, t có thằng bạn nó cao xêm xêm t, nó còn nhẹ hơn t nữa mà t giỡn k lại sức nó nữa, nghĩ s mà 1 đứa con gái lúc hoảng loạn có thể đá lại 1 thằng đang điên v",0
Hok lưu đc héng,0
"Helo em,em ở q12 à,kệ th đó đi, a mua cho 1 căn ở gò vấp,e làm tháng nhiu mà ở q12,anh lo cho từ a-z cho",0
Con của mình sai mà đánh người ta,1
"Tôi thấy thực tế phụ nữ miền Tây Nam bộ có những điểm khác biệt: quan hệ tình ái phức tạp hơn, tính chịu thương chịu khó đồng cam cộng khổ với chồng cũng ít hơn, khi chia tay thường giao con cho chồng nuôi tức là tình mẫu tử cũng nhạt nhòa",2
e ko nhịn dc cười,0
Lào gì cũng tôn = L.ồ.n gì cũng tao,2
Sao dân cư mạng mình bây giờ lại nhiều người ủng hộ hành động như vậy nhỉ. Ủng hộ như vậy bạo lực học đường sẽ bùng lên và sẽ nhiều vụ sảy ra như vậy. Nên để các con em hiểu biết về pháp luật và hạ cái tôi xuống,0
"Còn xin lỗi trong nhóm kín chứ ko phải đăng công khai, để cho fan chia sẻ ra ngoài chứ nó nhất định ko chịu xin lỗi tất cả. Bị phản ứng quá thì mới đăng bài công khai. Nhưng bài xin lỗi thì là AI làm",0
nếu người miền Nam có nhiều tánh xấu như ngươi miền bắc thì đửng mong người miền bắc vào được miền Nam sống . miền bắc vào đuoc miền nam đề sinh sống như vào miền đất hứa còn ngon lành hơn qua mỹ,2
Xã hội mọi rợ quá,1
kinh thiệt sợ luôn á,0
Để nghi co quan nhà nước xử lý phạt thật nặng để làm gương cho đứa khác,0
Mai Phương chưa thi mà tự nhiên gửi lên mw rồi ảnh hưởng đến Mai Phương,0
nào có clip lên phường nhớ đang nghe ad tui fl rồi,0
"Ai có thể cho e xin cái Add bạn này ko nhỉ, cảm tạ.",0
CỨ CHO LÊN CÔNG AN.,0
sao mà ai cũng tranh nhau nổi tiếng trên mạng nghỉ,0
"Ủa mọi người ơi, cho em hỏi xíu
Em là người Việt Nam, người miền Nam.
Vậy miền Nam mình không được dùng từ “mẹ bỉm sữa” hả mọi người?
Thật sự từ trước tới giờ em vẫn dùng từ đó bình thường, không hề có ý gì khác.
Nhưng cứ mỗi lần em nói “mẹ bỉm sữa” trong video là lại có người vào chửi vì em là người miền Nam.
Em chỉ thắc mắc thôi:
Một từ ngữ quen thuộc vậy mà cũng bị phân biệt vùng miền sao?",0
"mấy ae fan cuồng ns thật khệnh vcl, chả hiểu đăng xong kích war thêm lm mẹ gì",1
rồi lên ca giải thích,0
"Ở ngoài thì thi nhau ra oai, còn vợ con chịu khổ thì lại chán, lại uống. Đấy là văn hoá của mấy con ếch ngồi đáy giếng xứ Đông Lào.",1
"Mới nổi tý bắt đầu ảo tưởng dẫn đến ngáo quyền lực kéo theo mồm đi chơi xa, quả này mà bên Trung nó phong sát mạnh không cho ngóc đầu lên được, thì lúc đấy chấm hết luôn sợ c*t không có mà ăn ý, khỏi thái độ bày đặt chê bánh mì các thứ",1
Có lần nhận khách ấn độ. Khi dọn đến toilet họ bắt phải dùng tay lau toilet cho họ mà không được dùng dụng cụ. Vừa dơ vừa bẩn. Họ tưởng người VN là tầng lớp thấp kém bên họ sao,2
Văn giả tạo óc chó,1
"Anh em mình xem lại phần trả lời PV trước trận của HLV Thái , Anh người Anh ấy. Đấy mới là Dân Thể thao chuyên nghiệp :)))",0
Tui cũng mong đợi nhiều hơn ở các anh tài mới,0
"Mày nói sâu xa khó hiểu quá, nói dễ hiểu nè: nái Vie giờ ảo đú ngày càng nhiều. Ảo đú riết rồi ảo tưởng bản thân trong khi năng lực và tố chất thì như cái qq.",2
"Mỗi khi lướt mạng xã hội, nhất là tik tok, tôi lại thấy những thành phần lgbt thực sự rất bất ổn. Suốt ngày quay video hôn hít rồi thả thính. Vài video nó rất khúm núm các bác ạ, đa phần chỉ toàn diễn.",1
"Mn xem thử ở VN còn chỗ nào có rừng có đất mà cắt đc, chặt đc, phá đc thì hiên kế cho vin để vin bớt nợ cái",0
"đỉ đứng đường khoe hàng hả má, đã đ đẹp r mà nết còn như cl tao thấy mà nhục dùm. đ biet ba mẹ nó có dạy nó kh hay dạy đ nổi để con ra đường hãm v",1
Loại đàn bà lúc nào cũng cái tôi thì khổ lắm,2
"Người miền Bắc hay người miền Nam thì cũng đều là người Việt Nam, đều cùng chung một dân tộc và một đất nước. Thay vì phân biệt vùng miền, chúng ta nên tôn trọng và yêu thương lẫn nhau.
Ở bất kỳ nơi đâu cũng có người tốt, người chưa tốt; có người giỏi, người chưa giỏi; có người giàu và cũng có người nghèo. Không thể đánh giá cả một vùng miền chỉ vì hành động của một vài cá nhân.
Mỗi con người đều có hoàn cảnh, tính cách và cách sống khác nhau. Điều quan trọng không phải họ đến từ miền nào, mà là họ sống và đối xử với người khác như thế nào. Khi chúng ta biết tôn trọng và đoàn kết, xã hội sẽ trở nên văn minh và tốt đẹp hơn rất nhiều.",0
Đánh người là sai rồi bạn,0
cô ấy đăng quang còn chưa dc 1tháng mà,0
Tình đẹp quá,0
Bão là đàn ông hoá đàn bà,2
Thường phụ nữ đẹp thì nhu cầu cao lắm... Vợ tui cũng vậy nè một đêm phải ích nhất hai cái... Nó nói nếu ko đáp ứng được thì đừng trách em .,2
"Sau khi đã chuẩn bị đủ lực lượng để nổi loạn, giặc sẽ chủ động tạo ra một scandal để đổ lỗi cho chính phủ, và châm ngòi cho biểu tình. Ở một số nước thì chúng lấy lý do bầu cử gian lận. Ở Ấn Độ thì lộ đề thi.
Sau này mà khi nghe có scandal gì thì nhân dân Việt Nam phải bình tĩnh chờ Nhà nước xử lý chứ ĐỪNG BỊ KÍCH ĐỘNG biểu tình mà mắc mưu của giặc.
Giặc ranh ma quỷ quyệt, ta phải thông minh hơn giặc mới bảo vệ được đất nước.",0
"Thật tội nghiệp nhỏ đó ghê, đẹp mà bị ngáo",1
"có thgian gap 2 năm nên t biết, cuối cùng thì trường học phí cao vẫn là cho sinh viên dư giả và chắc chắn tương lai , học phí thấp thì cũng chỉ đến thế th=))) giàu vẫn giàu nghèo vẫn nghèo thế giới vốn dĩ k có cân bằng mà",0
Vừa đáng thương vừa đáng trách:(,0
Vkl đàn ông VN có vẻ rất khó nhận mình sai =))))) ( I'm a man btw),1
"câu ăn rau má đi phá đường tàu là sự kiện đáng tự hào của đồng bào Thanh Hóa ngày xưa ấy ạ, họ phá công trình đường sắt của Pháp để thể hiện sự phản kháng của họ, hơi bị anh dũng lun",0
"Đứa nào ẻo lả tao cũng ghét, kể cả nam hay nữ.",1
"M đồng ý lý luận này, nhưng nên bớt những từ ấy ấy lại nghen, tranh luận trên cđm thì lịch sự với nhau chút, cũng là tăng giá trị luận điểm của bản thân hơn í.",0
nhìn mặt anh Huấn nói chuyện hài vc,0
Gọi báo tổng đài lần nữa làm đúng theo yeei cầu tài xế còn bị làm phiền nữa :)),0
thằng này c3 nó đi học bị bắt nạt chị còn lên trường để bênh nó vậy mà giờ nó hành xử với chị ntn à,0
"đưa thẳng lên đồn, mấy ông hiền quá đây",0
"Giờ đã hiểu sự khác nhau của "" kệ nó đi em phải việc mình đâu "" và "" em ôi em ôi nãy con ... lớp em á "" =))))))",0
"mình ghét cái mác thủ đô của cơ số người ""gốc Hà Nội"" cực kỳ luôn á :)) toàn mác tự gắn mà làm cao, làm sang luôn trời ơi 🫩",1
"Thôi các anh hùng Ấn cho chúng tôi xin, chúng tôi khiếp lắm rồi",1
"Cái loại GV này mà trường cũng mượn để dạy à, đuổi khỏi ngành giáo dục",1
"mẹ cái con 37 Nghệ An này, dân vùng sâu vùng xa bẩn thỉu, mẹ cái bọn nhà quê…",2
A có 1 số vốn rồi đó bác tai oi,0
"Đm bọn giàu mới nổi. Cả nhà thằng kia cộng hết dự án mẹ dự án con giỏi lắm được 3k tỏi = 100 củ đô nợ lòi mắt. Bác Nguyễn Đình Minh Trị kia là người làm ăn với Lockheed Martin là cái tập đoàn tên lửa, hàng không vũ trụ và máy bay chiến đấu top 1 của Mỹ. Người móc nối cho VNPT làm ăn với cái tập đoàn 60 70 tỉ đô. Nhắc lại, tỉ đô, người ta thèm cái 100 nghìn của nhà thằng cậu ấm lắm đấy. Bố cái loại lom dom =))). Bưng bô cho cậu ấm nhà huyện lại đòi so với công thần nhất phẩm, vkl.",1
Bọn mọi ăn bốc. Thấy ớn lạnh quá,2
"Thằng chả ăn không nên đọi, nói không nên lời, viết lách lủng củng, nói dài, nói dai còn nói dại thì thui cho vé một chiều block luôn. Khiếp đọc ổng viết ấm ớ kinh khủng, diễn đạt thì kém lại còn hãm cả mẹ lẫn con.",1
Chắc sẽ có lần sau và lần sau nữa,0
"Tôi yêu chó cỏ, địt con mẹ bọn trộm chó. Nếu có luật tử hình với trộm chó, tôi nguyện yêu chế độ này hết mình.",1
"Đặc biệt đéo gì toàn bọn vô công rỗi nghề kiếm dịp phá phách, như mọi rợ, bấm kèn inh ỏi cả đêm chả ai ngủ nghê gì được. Như mấy con khỉ từ rừng chạy ra chứ người gì mà có loại này",2
hú anh dạo gần đây phân biệt vùng miền nhiều trên internet lắm cảm ơn anh đã lên tiếng,0
"6,7 nghìn ko phải tiền àh",0
Ai dậy sóng đâu t thấy đúng mà ko coi thì tắt chuyển kênh dậy dậy qq,1
Trả đi b sau này lấy vợ xây nhà mới thấy khổ,0
Mập mà đi đôi với hôi nữa thì cook :))),1
"Trong mam ngt để tiền mua đất mua vàng ko hà, ô tô đắt quá họ k mua nổi",0
Mấy con báo biên hoà đi bão chi chạy xe lạng lách đánh võng gây tai nạn xong bỏ chạy luôn,1
vs trình độ văn hoá như v mà đc làm hoa hậu cx h,0
Giờ mà còn phân biệt vùng miền thì đúng là loại thiếu văn hóa ! Bắc Nam một nhà ! Dân tộc Việt Nam là một !,1
"Dân miền Tây nhìn chung hiền lành và ngờ nghệch, dễ bị dụ. Tụi thanh niên trai tráng miền Tây thì hơn thua nhau ở việc nhậu nhẹt, độ xe, gái gú, sống ko có lí tưởng, ko có chủ kiến. Gái thì đa số suy nghĩ chỉ biết tới trai, cuộc sống chỉ quanh quẩn chuyện lấy đc chồng ngon. Nói chung t thấy ko còn hi vọng.",2
"Đối vs tui thì thật ra đa số đẹp t ngắm th:)) chứ những bạn t thíc thì đa số là vì tính cách/sự cuốn hút/vv nè, nhưng mà điểm chung thì những bạn đó cho dù ngoại hình nổi bật hay ko thì đều có sự chỉn chu trong vẻ bề ngoài nha (vd: tóc tai, ăn mặc, vệ sinh cá nhân), t cũng chỉn chu vs sạch sẽ nên t cũm thíc ng sạch sẽ í=)) thơm là điểm cộng siu bự",0
Đi bão chỉ lả cái cớ của cái lũ sv ăn ở không đi phá làng phá xóm ngta lao động mệt cả ngày trời về con gặp thứ sv,1
"còn trinh tuổi 18-25 chỉ có vài option thôi: tiểu thư danh giá cực khó gần; xấu như chó đéo th nào thèm địt; liên quan tới tôn giáo, nhưng rơi vào option xấu hoặc con lồn điên điên thì nhiều hơn",2
Kh.ốm n.ạn hết mức! Cái đầu óc dơ bẩn chỉ có thể thốt ra những lời dơ bẩn!,1
ai nói gì kệ tui ủng hộ e,0
"Lớ tui mà làm thế là đảm bảo sổ đầu bài sẵn cái tên , đinh chỉ học , mời phụ huynh , viết bản kiểm điểm cho nên ko ai làm cả học sinh gọi thế là",0
bố 27tuoi ?,0
"Mới nổi tý bắt đầu ảo tưởng dẫn đến ngáo quyền lực kéo theo mồm đi chơi xa, quả này mà bên Trung nó phong sát mạnh không cho ngóc đầu lên được, thì lúc đấy chấm hết luôn sợ cứt không có mà ăn ý",1
Đã mới ra trường lại còn phụ cấp thâm niên. Thằng làm ra excel óc chó mà th đăng bài bú view cũng óc chó ko kém. +1 block. Ae đừng tương tác với loại này làm gì,1
nhà t cách hẻm oto vào đc mà khi đặt xe t toàn đi bộ 300m ra đầu đường lớn đứng đợi,0
"Sở VH nên cấm cô bé này phát sóng . Từ vùng quê nghèo đến bây giờ coi thường người nghèo , phân chia vùng miền … vô giáo dục .",1
"bọn này mùi với bẩn kinh, đi chơi ở phú quốc gặp đúng đoàn ấn, cách gần nửa cái sảnh của vin mà vẫn thấy mùi",2
Đếm Oto thì A cá gỗ là trùm,2
Cấm luôn khỏi lên sóng,0
"rõ ràng, quê gốc nghèo, nơi lớn lên cũng ko giàu, r bỏ quê đi vào tp lớn kiếm tiền, rồi giờ chê nghèo chê khổ haizz. Đời chưa dạy là vậy đấy",0
"Culi hay ko thì đéo biết nhưng passport đại bàng :))) đi dc bao nhiêu nước. Con cái thì học ivy league 🤣, đi qua hàn nhật chỉ tay năm ngón để chửi tụi nó. Còn tụi m thì đi làm nô lệ cho hàn nhật 🤣. Mẹ lương bọn mày còn thua lương của mấy th sv đi làm bên Mỹ. Quá ngu quá dốt, lũ vẩu chúng m t khuyên nên câm và học thêm 🤣. Cái passport đại bàng là thứ thằng ông chủ nhật hàn đài trung của m mơ cũng k dc",2
"Xin phép góp ý để mọi ng có góc nhìn đa chiều:
Cái này gọi là bước vào công nghiệp văn hoá rồi đó bạn: lấy vốn văn hoá chung (nhân vật lịch sử) làm nguyên liệu để tạo sản phẩm thương mại.
Và khi đã đi bán sản phẩm thì phải tuân thủ các quy luật, như chơi cờ phải hiểu nước cản.",0
"Đồng ý. Manga Nhật nó chuyển giới từ Nobunaga tới vua Arthur sang đàn bà chả sao. Truyện Tàu, tình tiết phật tổ bị bón hành cũng không thiếu. Thế mà sử Việt chỉ mỗi cái tà áo ngắn tí là có đứa vào chửi.
Thế mà cứ mở miệng hỏi tại sao lớp trẻ rành sử Tàu Nhật hơn sử ta.",0
"3:02 ""nGọAI hÌNh xINh sẮn"" cho cỡ trung bình là hào phóng lắm r",0
tố cáo nó ăn cấp!,0
Đóng bình luận lúc 5h sáng nha đoàn,0
"Ngu chứ k phải sai ! Trễ hẹn phải thông báo lý do chính đáng , bắt nó đợi 1/2 h đắp mặt nạ thì đúng là ngu còn hỏi gì ? Đàn bà ngu nhất là khg nhìn ra cái ngu của mình ...",2
Cái oan của gái miền Tây là: khắp cái đất nước này cứ vào tầm quất mát sa cứ hỏi nhân viên ở đâu là em ở miền Tây. Miền Tây láo đó các em ạ!,2
cô gái có râu nhột,0
"bắc kỳ là bắc kỳ, đéo có thằng nào khá hơn thằng nào đâu. Tao là tao đéo muốn thở chung bầu không khí với đám bắc kỳ",2
"tàu nhật làm chả ai chửi, cho bọn viet này chết với văn hóa cứ trong viện bảo tàng là tốt nhất, cứ thế văn hóa viet không còn tồn tại trên bản đồ thế giới, mất đi chả ai thèm giữ lại, đâu được như bọn nhật trung",1
Bọn Ấn này phải để vợ con nó bị như vậy cho biết thân,2
"Với tôi người MT mà đc 8/10 thì người Thanh hoá sẽ đc 0,2/10 ( đấy là thang điểm 10 )",2
Dấu hiệu của bọn giết người hàng loạt,1
Ấn độ bẩn đủ mọi khía cạnh. Bằng trực quan cũng đủ thấy rõ họ bẩn rồi.,2
"vấn đề bạn nói đó là thiểu số rất nhỏ, như t gặp bà chị người Thanh Hoá cũng du thủ du thực, mẹ t đối xử tốt rồi dần dần học được tính cách người miền Nam, nhưng chị em bả cũng vào nam mà tính cách không đổi được, do gen trội rồi hiếm ai thoát được cái tính cách đó lắm",2
Ấn Độ mà không chỉ bẩn mà họ còn rất kinh dị giống như thời trung cổ rất đáng sợ,2
4:44 Cút,1
"Theo tôi thấy thì Thằng Khuê đại diện cho 1 phần thanh niên miền Bắc mà miền nam không thích đó là sự bốc phét, nói trạng, thiếu giáo dục , thằng Khuê là thằng thiếu giáo dục từ trong gia đình ra đến xã hội.",2
"tôi làm căn hộ dịch vụ cũng chết khiếp với dân Ấn Độ, bẩn, hôi, xả rác, bôi bẩn đầy tường mỗi lần thuê nhà, thôi thà kiếm khách khác còn hơn tiếp khách Ấn Độ",2
Hóa ra phương Tây toàn bọn đói khát,1
"đúng chứ sai đéo đâu,",1
"Các thồn lằng: đàn bà làm sao khoẻ bằng đàn ông, việc nặng nhọc toàn do đàn ông làm chứ đàn bà tuổi gì, k có chúng tao thì đàn bà sửa thế nào đc vòi nước, lắp thế nào đc bóng đèn. Vẫn là các thồn lằng: đàn bà cao to, nếu k có sự đồng thuận thì sao hấp diêm đc, khép chân lại là xong mà. Lúc muốn khẳng định vai trò trụ cột muốn có thì các thồn lằng đạp đàn bà dưới chân, lúc muốn quanh co chối tội thì đổ tại đàn bà.",2
nói tóm lại là giờ phật tổ có tái thế lần nữa cũng không độ nổi bọn ấn độ này lần nữa,2
"Sau cmt này t đã tắt thông báo xoá tạm app, mấy con giời chửi thoải mái nhé: 1. Thằng kia sai về lý nó chịu tội trước pháp luật => công bằng, công tâm. 2. Con nhỏ quắc tịch đại bàng kia là nạn nhân trong vụ việc tối hôm đó, vì tối hôm đó nó éo muốn. Chuyện chỉ có vậy và dừng lại ở đó là đủ, bớt hãm lol đóng vai nạn nhân, bớt kể mình đứng lên cho ai và truyền cảm hứng cho ai giùm, t k mượn nó thay t nhé.",1
hủy follow,0
"Tội nghiệp, tay youtuber này cả trí não, đạo đức và nhân cách đều đang ""bệnh"" nặng...",1
Vcl h mới bt:)) ngay sau ủy ban luôn cơ á,1
"Cái phong trào nữ quyền là nguồn cơn của khá nhiều vấn đề trong xã hội hiện nay. Từ việc phụ nữ tham gia lực lượng lao động, được bỏ phiếu bầu cử v.v... Xã hội cần một cuộc cách mạng hay hard reset gì đó để quay lại hình mẫu gia đình lý tưởng, như hộ gia đình một thu nhập (chồng) còn vợ thì ở nhà chăm con",2
“ Ăn Cứt Đi Em” =)))),1
Ở miền nam sống thoải mái tềnh toàng chút không quan trọng nhà cao cửa rộng . Còn ngoài bắc thì lại đi làm cày bục mặt đua nhau xây nhà. Thành công đc chút là ra vẻ thượng đẳng . Khó sống lắm,2
đã đen hôi còn tỏ ra dơ hẳn,2
"ở chung một nước mà nói gây chia rẽ quá, không nên vơ dũa cả nắm như vậy.",0
Lại hỏng:)) mất giá vô cùng,0
ai cũng có sai lầm tại sao sai lầm của cô ấy ko dc tha thứ? Nếu như một ngày nào đó người sai chính là mik thì có cần sự tha thứ hay ko?,0
khi bạn tưởng mình hài hước nhưng thực ra là óc chó,1
Đừng vội mở mắt nha a zai,0
"Tôi làm việc với rất nhiều quốc gia và tôi nhận ra rằng Bangladesh và Ấn Độ là hai quốc gia NÊN cấm đi du lịch vì nhận thức rất thấp, không thể hợp tác được",2
Nói chung là thôi không tiếp loại khách này nữa. Các công ty du lịch đừng nhận khách ấn là xong,1
áp lực học đường.,0
có tiền sàiiii,0
Nó chào người theo dõi của mình là chào mấy con lợn của chị. Thế đủ hiểu hơn 3tr người theo dõi của nó tnao rồi,1
sợ cộng đồng mạng thật đấy,0
"Bọn les thì hay tỏ ra cục cằn hung hăng như bọn chọi ấy. Nó cứ thích tỏ ra sẵn sàng tay đôi với m cơ. Nhưng mà đấm chúng nó thì lại thành đánh con gái ngay, thế mới tài tình.",2
"mấy con nái ngu cho trai phúc bui chơi xong lồn rộng còn đòi quyền lợi lắm, cho vào lò hơi ngạt",2
Chuyện bạn huỷ thì đúng theo cách nghĩ của bạn còn sai với cách ngta hd bạn. Nhưng nó ko quá quan trọng với việc tx trao đổi vs bạn nthe. Cái này liên quan đến đạo đức và văn hoá. Mình cũng đang là tx của Xanh nhưng ko đồng tình vs cách cư xử như vậy của tx.,0
quá chuẩn luôn,0
1 hào k đúng cũng phải ý kiến chứ?,0
Quê tuyên Quang hay ở đâu vậy,0
Coi drama của khứa này mà ngại dùm luôm=))),2
Đáng ra loại đàn bà ngu dốt thì nên đuổi từ 2017 . Nó mới hiểu lí do là tại sao . Tình yêu thương phải tới từ sự vâng phục . Không đơn thuần yêu là sẽ cho kẹo bánh.,2
phiền vl có gì hay ho đâu mà đi bão cái giải ao làng. Ô nhiễm tiếng ồn gây cản trở giao thông lỡ mấy lúc này có xe ưu tiên cần đi qa thì khổ cho ngta ko. Nói dân trí thấp thì tự ái mà sao k cấm và bắt phạt hết tụi đi bão này nhỉ khác gì gây rối trật tự đâu.,1
Gom nợ thành 1 mối lãi thấp nhất rồi trả nợ thôi,0
Hay tình diễn quá hay,0
khó quá thì hs ghét dễ quá thì bị coi thường,0
Bà Tik Tok kể này thà khỏi ăn cơm với bánh mì cũng được ở đó mà chê bai này kia tẩy chai bà này,1
Bẩn tính bỏ cụ ra. Vào mua điện thoại giá niêm yết cứ mặc cả chê nọ chê kia. Tiếng anh ấn độ như đạp vào tai. Nói chuyện là mình phải ngậm mồm vì cái mùi cà ri khó tả,2
Cũng biết thế nma ngkhac cũng nhức đầu vì bạn ý -)),0
"Tao chỉ thấy trên đời có 3,1 triệu thằng / con đần đi follow con này. Chính những cái đó mới tạo ra tính cách của con này",1
Thêm 1 cái nữa là mng hãy chỉnh cho ánh mắt và biểu cảm không được ngơ ngác và ngây thơ nha. Đừng cúi đầu bấm điện thoại hay tỏ ra bay bổng.,0
Cô gai khuyêt tât tôi nghiêp,0
à lại đến lúc đòi bình đẳng à. anh chỉ lịch sự với phụ nữ. Còn loại đàn bà vô dạng thì chim cút hết,2
Khó cho bạn Khải Nguyển đi kiện rồi :(,0
Thật sự là bọn não úng đ nghĩ được có những người mai phải bắt đầu làm việc từ 5 6h sáng,1
ê tư tưởng gì đây? khác đ gì thằng bạo não kh v? rồi t bảo nha lỡ nó chết thật nằm dưới gầm xe thì người tội nhất chả p là bác tài xế xe tải kia sao. ngu vừa thôi ranh con vắt mũi ch sạch cứ tuỏng thế là oai là ngầu,1
Thôi thôi !!,0
cai nay thi ko duoc roi,0
"tội ghê, người xấu mà còn bị khờ",1
"E nói cũng đúng nhưng đời anh đã bị lừa đến 2 lần là 2 chị em cô cậu dân Thanh Hoá, họ nhờ sự giúp đỡ của mình nhưng khi được rồi họ lại nghĩ mình ngu",2
"Bạn ở nhà là công chúa thì con trai người ta cũng là cục vàng cục bạc, tiền kiếm đc cũng là mồ hôi nước mắt chứ không phải vì m là con trai nên trong tình yêu m phải là người chịu này chịu nọ, còn t là cgai nên được quyền đòi hỏi này kia, trong khi đó chưa là gì của nhau, tìm hiểu thì cũng là đôi bên tự nguyện chứ ai bắt ép ai đâu mà thích diễn cái vai "" t là con gái t có quyền""😩, nói chung là hệ quả của chủ nghĩa nữ quyền lệch lạc.",0
cả 1 quá trình mà tr,0
"mấy phong trào nữ quèn xàm lồn thì cũng nên shut the fuck up lại. Từ ngàn xưa đã định hình sự dẫn dắt nam tính của đàn ông như vậy thì phụ nữ cũng nên giữ giá trị truyền thống trọn vẹn, giá trị chăm sóc gia đình của 1 người phụ nữ.",2
"Chào mọi người, thật sự có người nghĩ người miền nam bị ngọng thiệt hả(trừ người bị ngọng thiệt). Thật ra họ phát âm được hết chữ d,v,g,r,tr nhưng họ không phát âm theo đúng với sách dạy trong văn nói bình thường thôi. Cách phát âm đó xuất phát từ giọng vùng miền và cách họ đơn giản hoá âm vị đi như vui vẻ-> dui dẻ, hoàng gia-> quàng da, và cách phát âm như vậy thì đỡ mất sức hơn khi nói với nghe nó cute hơn mà đúng không
như cục vàng-> cục dàng",0
"Bánh mỳ thì chê , ăn đầu bùi gật đầu khen ngon",0
Nguyện cho tất cả mọi người yêu thương nhau,0
T 9x và t thấy ổng nói như vậy là bthg b ơi. Nói chuyện lịch sự vậy còn muốn nói thẳng ra nữa à b,0
Nhân rộng gái miền Tây giùm em chứ bạn em miền Trung k được thông minh lắmm :)),2
"Cô giáo gì loại này, đuổi đừng cho nó dạy nữa",1
"Thấy thằng e kể đi làm có người ấn độ 4 5 hôm không tắm ăn bốc người thì toàn mùi cari hôi không chịu nổi, nhưng cũng phải công nhận đa phần người ấn nó bẩn thật",2
tại thầy hiền quá rồi mà ổng ko chút khắt khe j đến việc học sinh quay mình nữa,0
"tội cj quá , tội lỗi",0
""" I don't have money, oki thanks""",0
"Ngày trước, t thấy quý người miền nam lắm. Họ có giọng nói dễ thương, nghe rất lạ tai. Nhưng từ ngày t biết, chúng rất PBVM, chúng nó thích nói “bắc kỳ” với giọng miệt thị. Thì t lại coi chúng nó chỉ là lũ NAM KỲ chuyên liếm lol quá khứ để sống. T ghét chúng nó vô cùng, đe…ó thấy dễ thương dễ yêu gì hết á.",2
Ở Việt Nam có 2 loại người: người tốt và người thanh hoá,2
Ko thể chấp nhận được,0
"vụ này chỉ là chiêu trò thôi, hồi mùa 1 cũng thế, chẳng qua mùa 2 này không còn hội người già không/ít hoạt động, lại thêm có quá nhiều tư duy âm nhạc đặc sắc nên khán giả thấy thú vị hơn, cộng với việc mùa 1 diễn đến cả chục đêm suốt 1 năm trời, các buổi diễn lẻ, các chương trình truyền hình liên quan thì khán giả cũng ngán chiêu trò rồi",0
"Chót mỗi câu
""Cá không ăn muối cá ươn""
""Em k nghe a có ngày e ăn c*t""",1
"Bão đợt này thấy cứ toàn thứ hãm l
Đa số là mấy thằng oắt kh lông mặc đồ jet jet style bán vé số á =))
Clm như zombie kh não v á, xe đạp điện như bị tật hay sao mà lạng lách, giật giật suốt. Chưa kể đợt bão mấy hôm trước cno còn leo lên xe bồn, xe xăng đứng đu, nhảy ầm ầm trên nóc. Chưa bị tài xế đấm chưa biết sợ 😌
Nay thấy CAGT với dân phòng đứng chặn đường Q1, bắt xe thấy vui ghê. Thằng nào láo nháo mấy chú cho mấy vả là hết bão với biếc",2
"Không phải phân biệt vùng miền mà nếu bạn đã tiếp xúc nhiều thì bạn sẽ biết, chứ mới tiếp xúc xã giao thì tưởng chúng nó tử tế",2
cái này không hề vui,0
"Cũng tùy chỗ á, nhưng mà công nhận có nhiều chỗ tiêu cực lắm. Cứ bắt idol phải nt riêng với user, thậm chí còn mở cả lớp học sau giờ live về hướng dẫn cách thu phục đàn ông cơ. T từng đi thử việc ở một chỗ idol live được 1 ngày rồi chạy vội",0
mình thì thấy thương học sinh lớp 11.,0
"Chính xác là ôm hệ thống dmcs bắt làm con tin, dân vẫn sẽ sống",1
"Chuẩn hay ko do nó quyết định mà bạn, quyền lực đều nằm trong tay nó.",0
"Không phải là t khó tính đâu nhưng ra ngoài chú ý buộc cái tóc lên cho gọn gàng, tóc đã dài r còn cứ thả xuống che hết mặt trông luộm thuộm lắm, mà lúc đấy t không dám nói đâu, tại t bị cứng họng.",0
Nhưng sao bạn lại cho link shop pe vâyh?,0
không xem tiktok rồi,0
"k có tác dụng đâu bạn ơi, dân sao đấu lại quan, bạn mà làm căng tụi nó ngứa mắt , nó gài đại tội gì cho bạn đi tù liền à, bỏ đi k ăn thua đâu",0
Thật sự là cái cách làm này chỉ có thể đàn áp chứ không ai phục đâu. Từ khi nào về phương diện tư duy lại có thể giải quyết bằng phương pháp cưỡng chế vậy,0
"xin phép được gọi là bọn nhé, thề vô ý thức kinh khủng khiếp, đi máy bay mà có 2-3 người ấn ngồi trước sau hay bên cạnh là chuyến bay đó bạn xác định bị làm phiền quá phiền",2
"gái đẹp mà tư tưởng ăn bám, lười nhác thì như phò mà thôi, lâu lâu sung sướng đc 1 chút mà khổ cả đời làm osin cho tụi nó.",1
"ngu lồn tưởng mình khôn, gd st hoạt động giải trí được gái bâu đầy dĩ nhiên mày biết thừa đéo thiếu mấy thằng chó đẻ loser hạ nhục, đến cả faker tuyển thủ chơi game chúng mày còn đem so sánh với son để lăng mạ hạ thấp, cái sào huyệt của đám tiểu nhân chúng mày vận hành như vậy đó giờ mà, sao tự nhiên nay giở cái thói lật lọng tráo trở vậy?",1
Kết nhất câu “ sinh ra ở vạch đích mà cứ thích nhích về vạch xuất phát”,0
"concasephaitragia Em gái sao phải ẩn cmt chị vậy em? Chị nói đúng tim đen rồi chứ gì? Con ghẻ như m cút về chuồng khỏi ở đây cos fan tk S, fan tk S đ có loại suốt ngày thấy nhà người ta cháy là bắt đầu chơi cái trò hèn hạ này đâu làm nhiều mấy trò hèn hạ này nhiều k thấy nhục à? Còn m ghẻ tk nào đừng tưởng xoá cmt là t không nhớ",1
càng ngày học sinh ko gia thể thống gì động vào thì bị học sinh quay kiện ko giám gì lại liên tục các vụ việc như này,0
1 tuất 1 hợi,0
Cứ nơi được là nơi ô lấy số liệu đâu mà có hơn bôn lam ngân khán giả đô dien,0
Dùng từ không ưa là đúng. Tóm lại là cách sống không có tốt đẹp. nếu không tốt thì đã không vào đông như vậy,1
"Cái xứ nó hề.
Đéo bao giờ muốn bảo vệ phụ nữ, bảo vệ trẻ em, ngay cả những thằng có tam quan lệch lạc như vậy vẫn còn nghĩ hiếp dâm chỉ cần bồi thường là xong, hèn gì cái xã hội này khiến những ng phụ nữ nín đẻ",1
Thay vì đến thắp cho em 1 nén nhang thì gửi 1 tin nhắn như xiên thêm 1 nhát vào nỗi đau người cha mẹ và up lên mạng :))))),0
việc học nó quan trọng lắm,0
Lúc này chạy xe ế lắm nghỉ Tết sớm,0
Tôi cg nghĩ như bạn,0
Ai rồi cũng ngoại tình thôi,0
"Trước làm ở nhiệt điện có rất nhiều người Ấn Độ sang làm việc. Cơ thể của họ rất nặng mùi chỉ tắm vào buổi sáng trước khi đi làm, nhà ở thì bẩn thỉu luộm thuộm",2
"tao đi oto k à m, đi xe máy sợ bị đám não úng óc chó như m ném bột thì sao",1
"Nãy đang hóng được phốt vị phụ huynh kia dùng thân đổi lấy suất học cho con với hiệu trưởng trường tiểu học, xong được 1 năm thì ông thầy chuyển con bả xuống lớp cuối nên bả tức bả phốt ổng. Đang hóng vui quá chừng vì lộ danh tính ông thầy rồi thì bả xoá",1
bác ở chỗ nào mà khổ thế ạ,0
Thông cảm t chưa thấy nhận sai luôn đấy. sau buổi live vẫn có mấy cái caption đi vào lòng đất. T chưa tìm dc điểm để cảm thông,0
Vừa share cho ck,0
"Nchung em thấy a ăn mặc gọn gàng sạch sẽ. Có tri thức, nhân cách nữa. Và là người đàn ông nhận thấy mình có gì và cần gì thì rất hấp dẫnn. Nhìn sơ qua T của a thì e thấy a sẽ là gu của nhiều ng lun á, có cả e",0
"Ủa là Da LAB chỉ có 3 ông EmceeL, Thỏ, Thơm thôi ạ? Các bạn đừng chửi mình tại đó giờ mình nghe nhạc chứ không xem MV hay cập nhật thông tin nghệ sĩ",0
"Eo ơi, xem tập hôm nay nhớ lại cái vibe của thời đầu thật đấy. Cảm giác xem clip kiểu mới thì nó thú vị mới mẻ, mà xem kiểu cũ thì lại là cảm giác khác. Chúc chú Tuân nhiều sức khỏe ạaa",0
Chờ 1 time nữa nếu ngta k đóng góp được gì cho xã hôi thì,0
"Ngay từ đầu VM đã không thích chơi công bằng rồi, thì sau đó chấm điểm còn đòi hỏi công bằng cho mk là thế nào... Hát 1 bài về dân tộc, nhưng không chọn đối thủ cùng trong nước đâu, lại đi chọn 1 ng từ nước khác. Có ý đồ hết rồi...",0
Nó nói đúng đó không phải chia rẽ gì đâu Miền Bắc giàu hơn trong nam thật,0
Video vậy thôi chứ mấy ông ấn ăn bốc có rửa tay đâu. Má cái tay nó thúi hoắc à,2
Khuê ơi dậy đi uống nước chè ned,0
Và cái bệnh viện leak thông tin của em VK 🇺🇸 bị xhtd là Vinmec của người nào mà ai cũng biết đó !! Ghét !!,0
"Bạn trl thế kia ngta nghĩ bạn đồng ý là ngta đúng đó, ngta có tốt đâu mà khen a ấy tốt😅 +1 bài học có gì nói luôn k để ngta bẻ lái theo ý ngta.",0
"nói ngoo vcl, dân HN k có dân tỉnh lẻ lên thì chết đói hết r ở đó mà thượng đẳng",1
Cho may dua i đong hiep yeu co tui no vao chay dam,0
Thì chính vì work permit VN khó nên nó xin visa du lịch rồi trốn ở lại... mà bắt được nó phạm pháp thì khó có chế tài xử lí triệt để chứ ko phải camera kém.,0
Thật mang tiếng cho phụ nữ Việt. Con này đáng tội gì mọi người?,2
"Cuộc sống khắc nghiệt đến cỡ nào mà bạn không hiểu được bài phốt đó.
Thông tin đầy ngoài kia, chịu khó học hỏi 1 chút là bạn ko cần up bài như vầy rồi.
Là 1 doanh nghiệp lớn lâu năm, nhân viên chuẩn quy trình in bill mới được phép thu tiền khách để đảm bảo ko đá bill và 1 ề các thủ tục gian lận khác. Hoặc đơn giản hơn nữa tờ bill đó sẽ bảo vệ khách hàng khi có yêu cầu đổi tra do thiếu, sp hư lỗi các kiểu.
Bạn đi hỏi những ai làm kế toán xem, làm báo cáo lệch 276đ nó mệt mỏi đến cỡ nào?!!!",0
một giáo viên dạy văn mà có thể dùng AI để xuyên tạc một bài thơ hết sức quen thuộc mà thậm chí không nhận ra. Một bài thơ mà ai học hết bậc THCS cũng có thể nhận ra lỗi sai mà 1 người thầy giáo nhiều năm kinh nghiệm giảng dạy lại cẩu thả trong việc soạn giáo án như này thật đáng lên án,0
"Ôi cạn lời, đuổi cổ cô giáo luôn chứ dạy gì nữa trời. lương lao động như chúng tao có hơn 4 triệu 1 tháng, bọn nó muốn lụm hết luôn hay sao vậy",1
Trăm dâu đổ đầu tằm còn trăm ngàn cái xấu thì đổ hết lên đầu gen Z,0
"Đúng là thấy nản thiệt
Cố r qua nước ngoài sống mẹ cho sướng",0
"Hôm qua xe cứu thương còn tắc với lũ chúng nó. Thế mà lên kêu thì bảo năm có lần, nên tự sắp xếp công việc mà về sớm để nhường chúng nó đi bão. Người bệnh người ta sắp xếp đc bệnh để chúng m đi bão chắc. Đến ạ",1
Đoạn lên phường đâu,0
Thương e nhiều lắm,0
"Ủa bình thường làm cho nhà hàng thì họ thường discount cho nhân viên nữa mà, sao ở đây lại đuổi nhỉ =))",0
"Nói thật luôn gặp 10 người có đến 9 người thanh hóa sống lươn lẹo, sống bẩn tính, lừa lọc đố kỵ. Đây là tự mình hại mình chứ trách gì người ta.",2
nhà thằng khuê ở chắc j sổ đỏ cứng chắc phô tô thôi còn trong nam vài mẫu ruộng nhà rộng thênh thang sổ đỏ cứng đấy,1
"Đó là tính đàn bà. Tính đàn bà thì đàn bà thẳng cũng có, nmà tởm lợm thì tao vẫn tởm lợm đám gay hơn.",2
Tôi ủng Hộ việc làm rõ việc làm từ thiện của Thuỷ Tiên - Công Vinh... và một số ngừoi khác. Đặc biệt giới ca sỹ - nghệ sỹ - những ngừoi có Tầm ảnh hưởng trên trang mạng trong những Thập kỷ qua.,0
"=)))) nhà đài thì tin tốt phải giảm gấp 3 lần, tin xấu phải tăng gấp 3 lần mới đúng, truyền thông mà muốn thao túng ý thức hệ của ngt dân thì chỉ chet",0
"T dân thường đây bữa bệnh tâm thần phân liệt tái phát còn bị tưởng nhầm là mà túy xong bị bắt lên đồn đánh bầm dập xong thu điện thoại phá mật khẩu kiểm tra đây, tụi công an nó ko có bằng chứng đã dám làm thế rồi thì mấy cái luật này đã là gì với tụi nó",1
rồi nó dâu rồi ae,0
"Ủa nhà hàng b làm về gì vậy. Bth chủ thấy nhân viên mua thì phải vui chứ sao lại cáu nhỉ. Trc mình cũng làm quán ăn nọ kia, chủ thấy nhân viên mua còn giảm giá cho nữa ấy",0
"tôi có bạn cả thanh hoá và dân hà nội, đến nhà dân hà nội thì thôi rồi, về nhà phải làm thêm gói mì tôm, đi chơi đám đông thì dân hà nội còn keo và khôn vặt khỏi nói",2
"lại được m nữa, đêm m khỏi có được ai cho đi nhờ",0
chúc kênh phát triển sớm bật kiếm tiền nha,0
chửi cỡ đó cái não mày còn chưa nở ra nữa? ăn nói nhẹ nhàng vô cái đầu l mày ko? mày không chửi à? mày ko chửi thì mày cũng đi phá làng phá xóm làm ảnh hưởng ngkhac thôi?hơn bố mày cái gì hả báo thủ,1
xem video về bánh mì là đã thấy thèm rồi :),0
lâm vlog,0
"du khách Ấn không kinh khủng bằng du khách Trung, nhưng đàn ông Ấn ở đâu thì đàn bà con gái chúng ta nên tránh xa, nhất là không nên du lịch đến Ấn để bản thân được an toàn",2
"Dù có mở toang cửa và ngủ khỏa thân thì cũng đéo có quyền cưỡng hiếp con bé nhé, mấy thằng mặt kặc suy nghĩ bằng cu",1
"tỉ lệ kết hôn thấp, ly hôn cao, phụ nữ bỏ con để chạy theo thứ phù phiếm đang quá nhiều, nếu nhà nước k ra tay thì tỉ lệ sinh sẽ rất thấp",1
Phắn mẹ mày hết về quê đi cho không khí HN nó bớt ô nhiễm,2
"Bọn này giờ ở nc ngoài cũng vẫn thế. Trung đông thì trùm thôi miên bắt cóc hoặc cướp trang sức, Ấn thì tổ chức nhóm lớn tầm vài chục thằng đi cướp xe ô tô hoặc in tiền giả. Và 2 cái nhóm này thì khét tiếng việc tấn công td phụ nữ, loại mọi vô văn hóa vô giáo dục mà đi đâu ngta cũng kêu trời kêu đất ấy. Đến năm 2026 có mấy má sống chết đòi lấy với theo chúng nó về nc cơ, mà toàn I rắc, pakistan với bangladesh k, chẳng hiểu đầu óc có bị gì k nữa",2
cho nó cơ hội xong nó lại lên clip chê đồ ăn chỗ này chỗ kia đéo ngon nữa à. Ngựa quen đường cũ thôi,1
"Thằng mc quang minh cũng qc sữa giả mà , suốt ngày lên khoe cho con uống . Đúng cái lò toàn đào tạo bọn nói láo",1
Nó monifier thêm mắm thêm muối cho nó xôm thêm.,0
video gốc đâu nhỉ,0
mày con người hay con tôm mà đầu mày toàn cứt không vậy chọi đéo nghĩ tới cảnh người ta không thấy đường rồi va chạm với xe phía trước thì sao,1
"Hot tiktoker Pun bị bạn học cũ tố nói dối về việc bị cô giáo và bạn bè bắt nạt hồi cấp 2, Pun cũng nhiều lần chia sẻ bản thân bị trầm cảm do ngày xưa đi học bị bạn bè bắt nạt và thầy cô kỳ thị vì học dốt. Ko biết tin bên nào đây bây :))",0
thầy đẹp vãi=)),0
Cái thể loại bẩn bỏ xừ lại hay chê người khác,1
nghe xong muốn đem não đi rửa thật vì cái thứ tởm lợm gì tôi vừa mới dung nạp thế này?,1
?? hội đồng nhìn video thì thấy hội đồng ở đâu ??,0
Bác cứ thích mùa một hơn .,0
"Phần nhìn vẫn là ấn tượng ban đầu mà, chăm chút lại xíu hoyyy nhìn cũng đâu đến mức gọi là k đẹp đâu, còn do đối tượng tiếp cận của ông gu người ta sao nữa, mình con trai dễ hơn con gái tụi tui mà",0
"Tư duy nhị nguyên 1 đúng 2 sai không có ở giữa. Trên đời này làm gì có tin nào mà 100% chuẩn, mà ai là người định nghĩa cái chuẩn đó nữa. Bây giờ 1 mẩu tin 10 phần 9 đúng 1 sai thì sao? 1 đúng 9 sai thì sao ? Ra nghị định bịt mõm dân chứ không bịt được tư duy đâu",0
"Xa tư bản quá lâu, tôi không biết thị trường lao động đã thay đổi đến mức này. Teambuiding là nỗi ak mộng mức nào để KHÔNG team buiding trở thành quyền lợi =))))))))",0
